6d479ac22daa20c3f7af83917ab0a06f03b07f3d,0.1.0,docker.io/bitnami/logstash:7.4.0-debian-9-r4
a8c684f66825292e0dca7360cd6fa85eab380e08,0.1.0,docker.io/bitnami/logstash:7.4.0-debian-9-r4
b4d24a902b0cfbbc2d89e2b88e837d49fd0821c4,0.1.0,docker.io/bitnami/logstash:7.4.0-debian-9-r4
2fed75e0267b2bbeae44f3e2879ebb775703ac0c,0.1.0,docker.io/bitnami/logstash:7.4.0-debian-9-r4
6cfc93c383a98eb35e1aed591277fb4c849d8294,0.1.0,docker.io/bitnami/logstash:7.4.0-debian-9-r4
81881d96a179b1f0d61a3ad8d0b4b8789ad9bdc8,0.1.0,docker.io/bitnami/logstash:7.4.0-debian-9-r4
21923718d1cc661a514f810257f18b1d620fc81f,0.1.0,docker.io/bitnami/logstash:7.4.0-debian-9-r4
4ca7068c131ff0cdf07a053a16aa862516a0a4a8,0.1.0,docker.io/bitnami/logstash:7.4.0-debian-9-r4
3337308eeba7529f38f8f676b781c623eaa9750e,0.2.0,docker.io/bitnami/logstash:7.4.0-debian-9-r4
9f9838c8a1ca703254073d35c3db1baba3c6866f,0.2.0,docker.io/bitnami/logstash:7.4.0-debian-9-r4
0f36769a7fd7cce1f40e390c73ef23df00000dea,0.2.0,docker.io/bitnami/logstash:7.4.2-debian-9-r0
f7a4fea7d0e1447f466c8476a82af9b8f3677578,0.2.1,docker.io/bitnami/logstash:7.4.2-debian-9-r0
f6dd817737cc4d6ab7c8e3aa1dbe7b4de79896fa,0.2.2,docker.io/bitnami/logstash:7.4.2-debian-9-r0
493f3541d3ccac49f15552cd739f84468fde7986,0.2.2,docker.io/bitnami/logstash:7.4.2-debian-9-r0
0ea09667a8f9811a3256da6fe13ed485ee1192cc,0.2.3,docker.io/bitnami/logstash:7.4.2-debian-9-r3
b3022258e77f585bbccd7c1dc518d215d6d6c005,0.2.4,docker.io/bitnami/logstash:7.5.0-debian-9-r0
bbf690e0f35df72dc2592f9b7b7f85152abd1026,0.2.5,docker.io/bitnami/logstash:7.5.1-debian-9-r0
70106a29e3d2085b1ee1b1d61e4ebf30261a90af,0.2.6,docker.io/bitnami/logstash:7.5.1-debian-9-r21
05feb12352d19fa9bc5e93b0543160776bbe1467,0.2.7,docker.io/bitnami/logstash:7.5.2-debian-9-r0
a6e31969668b3bd7e358e0f08fa0b58ba4d6a52f,0.2.8,docker.io/bitnami/logstash:7.5.2-debian-10-r0
40ee57cf5164717357e1627b55bf25f59c40fbd1,0.2.9,docker.io/bitnami/logstash:7.5.2-debian-10-r0
4119e5619ab19299eb972b2fb6e0cb672163c5b4,0.2.10,docker.io/bitnami/logstash:7.6.0-debian-10-r0
8af04da71efa9bbe21ce686678ab31a5e93dd29c,0.2.11,docker.io/bitnami/logstash:7.6.0-debian-10-r15
61e62a51b01e67d3bd66dee25e00e07435cd7d32,0.2.12,docker.io/bitnami/logstash:7.6.1-debian-10-r0
a0e44f7d6a10b8b5643186130ea420887cb72c7c,0.2.13,docker.io/bitnami/logstash:7.6.1-debian-10-r0
c1967f9b1d106fc5f3586bd0b2c2065cbcbe35ab,0.2.14,docker.io/bitnami/logstash:7.6.1-debian-10-r8
9821a42218f43e7dd438dad47cc5482fcf29418d,0.2.15,docker.io/bitnami/logstash:7.6.1-debian-10-r19
5de51a34376ae2b04561a537f6746ed92f7ff9c1,0.2.16,docker.io/bitnami/logstash:7.6.2-debian-10-r0
00839e082cdab46d5200917126b68ca6c796764e,0.2.17,docker.io/bitnami/logstash:7.6.2-debian-10-r15
98b1dd6807fdbf0d86df85ab30ca3e027cc3070b,0.2.18,docker.io/bitnami/logstash:7.6.2-debian-10-r21
d1fb8d703edf98de2d28b60bf066ffb8add4f40c,0.2.19,docker.io/bitnami/logstash:7.6.2-debian-10-r38
e1108a71325dbcc0cca32a7b22f1ca7307cbbedf,0.2.20,docker.io/bitnami/logstash:7.6.2-debian-10-r39
c4602381e855b6da43dcecfa6e1f35623333a554,0.3.0,docker.io/bitnami/logstash:7.6.2-debian-10-r44
845a8336e23d164f033aff79af749f863c364e88,0.3.1,docker.io/bitnami/logstash:7.7.0-debian-10-r0
c7751eb5764e468e1854b58a1b8491d2b13e0a4a,0.3.1,docker.io/bitnami/logstash:7.7.0-debian-10-r0
3b4cdbc88697e13a3dd99e0ce4f5b940c0519e01,0.4.0,docker.io/bitnami/logstash:7.7.0-debian-10-r8
bafba3fc8b8949897ad2d99d437bd8fc975223e4,0.4.0,docker.io/bitnami/logstash:7.7.0-debian-10-r8
1eb686bfc14ab514e907b85ff66d2229c1529cce,0.4.1,docker.io/bitnami/logstash:7.7.1-debian-10-r0
8c6ee29fbf936e333643b87c8b4540b18860ae32,0.4.2,docker.io/bitnami/logstash:7.8.0-debian-10-r0
1794504cbb8a4492bc5571f4f9fae8517c9f5fde,0.4.3,docker.io/bitnami/logstash:7.8.0-debian-10-r13
63bde066b87a140fab52264d0522401ab3d63509,0.4.3,docker.io/bitnami/logstash:7.8.0-debian-10-r13
715c35246777ed76480f9918404eb28fd43e4486,0.4.4,docker.io/bitnami/logstash:7.8.0-debian-10-r13
90684d60d1be696341baae139c083178b96c43d1,0.4.5,docker.io/bitnami/logstash:7.8.0-debian-10-r24
7beb502187b816d29d3d8f4f033c45b47444e7df,0.4.6,docker.io/bitnami/logstash:7.8.1-debian-10-r0
3d7ab406fecd64f1af25f53e7d27f03ec95b29a4,0.4.6,docker.io/bitnami/logstash:7.8.1-debian-10-r0
4ebbfa6e2922f55f399bfa6b0591ce32d7e1669c,0.4.7,docker.io/bitnami/logstash:7.9.0-debian-10-r0
1ed12f96af75322b46afdb2b3d9907c11b13f765,0.4.7,docker.io/bitnami/logstash:7.9.0-debian-10-r0
4b3b40d46d1012f27587758a4efbb39b66a91423,0.4.8,docker.io/bitnami/logstash:7.9.1-debian-10-r0
87f57851fcb5ca3b062552fe01134ac1b473fab1,0.4.9,docker.io/bitnami/logstash:7.9.1-debian-10-r14
106fd734408acb82207536a0efdd3a047b7dcc5a,0.4.10,docker.io/bitnami/logstash:7.9.2-debian-10-r0
0105386bab86ba0e2f593ad8fc7884644bc7837c,0.4.11,docker.io/bitnami/logstash:7.9.2-debian-10-r22
c08a20e3db004215383004ff023a73fcc2522e72,0.4.11,docker.io/bitnami/logstash:7.9.2-debian-10-r22
908267b740593939aee5d4926335ed53c15d4b43,1.0.0,docker.io/bitnami/logstash:7.9.3-debian-10-r17
e5f336ba2662365e74f2b2807d98f4ea910b59cf,1.0.1,docker.io/bitnami/logstash:7.10.0-debian-10-r0
c06388ff7fd948a7274104d1f18f3cdd3a296375,1.0.2,docker.io/bitnami/logstash:7.10.0-debian-10-r1
2a62ceb5fb85d87e0f058b812122522f468610ae,1.1.0,docker.io/bitnami/logstash:7.10.0-debian-10-r8
1779dd713d8361de115658f24531f3f7bb808998,1.2.0,docker.io/bitnami/logstash:7.10.0-debian-10-r8
b521ba50f3c7fd726486b3b3694c5f1737e09433,1.2.1,docker.io/bitnami/logstash:7.10.1-debian-10-r0
2826c125b42505f28431301e3c1bbe5366e47a01,1.2.2,docker.io/bitnami/logstash:7.10.1-debian-10-r0
49adc63b672da976c55af2e077aa5648a357b77f,1.2.2,docker.io/bitnami/logstash:7.10.1-debian-10-r0
50ee8ebf017a7631857950ca50f213b96e743de5,2.0.0,docker.io/bitnami/logstash:7.10.1-debian-10-r0
1cac3a3637faa859ca991920338ac5b763538af0,2.0.1,docker.io/bitnami/logstash:7.10.1-debian-10-r9
f533c687ef9f1669622d3cd156bf061f1ac6e117,2.0.2,docker.io/bitnami/logstash:7.10.1-debian-10-r9
0f8b53bd42dab84dc6dc14267c92c889bec1d18c,3.0.0,docker.io/bitnami/logstash:7.10.1-debian-10-r9
29f55e26c0102b1b2d1626d405f3f7b1e5ea3cbb,3.0.1,docker.io/bitnami/logstash:7.10.2-debian-10-r0
c5e67a388743cbee28439d2cabca27884b9daf97,3.0.1,docker.io/bitnami/logstash:7.10.2-debian-10-r0
7eeefdc316674365b4e9ceedd561783b0b1abfa1,3.0.2,docker.io/bitnami/logstash:7.10.2-debian-10-r0
5fbe053a86197cbd99892c32adf17204fd949f08,3.1.0,docker.io/bitnami/logstash:7.10.2-debian-10-r0
7fd5ea5ad2d46f5bad85585e04844add77cc4885,3.1.1,docker.io/bitnami/logstash:7.10.2-debian-10-r0
6f6ba8dc86715a7d699f2fe54146c316c6ec3772,3.1.2,docker.io/bitnami/logstash:7.11.0-debian-10-r0
e07f3331091ea2ff728c5dbdcfadf1b277727393,3.1.3,docker.io/bitnami/logstash:7.11.1-debian-10-r0
9b95830cbf2520131281bf1570a8cb7ca2f9f6c0,3.2.0,docker.io/bitnami/logstash:7.11.1-debian-10-r0
870bc4dba1fc3aa55dd157da6687b25e8d352206,3.2.1,docker.io/bitnami/logstash:7.11.1-debian-10-r0
cee4f7c9027ab68973660a2bc92d00db175fed59,3.2.2,docker.io/bitnami/logstash:7.11.2-debian-10-r0
864be4dfd7102c745d5ac03184c9be33e84bee99,3.2.3,docker.io/bitnami/logstash:7.12.0-debian-10-r0
51fff54b0b5a8bf7316be90a9682abbf181e7ce2,3.3.0,docker.io/bitnami/logstash:7.12.0-debian-10-r0
f9a663e472e5ac8f8ad3b8856d8543a25c271ffc,3.3.1,docker.io/bitnami/logstash:7.12.0-debian-10-r27
8f9593a082d9c2c003a46f9f6e612eecaca5bfe7,3.3.2,docker.io/bitnami/logstash:7.12.1-debian-10-r0
f777de217fb8cc8703ea00f7f00869b8f97c90af,3.4.0,docker.io/bitnami/logstash:7.12.1-debian-10-r9
0f99a5c1a297646a404e66afa9785cec7a95bfac,3.5.0,docker.io/bitnami/logstash:7.12.1-debian-10-r9
b96dd20080497a6e33c84a0a36cba986b1367f01,3.5.1,docker.io/bitnami/logstash:7.12.1-debian-10-r9
ad9a3c15707732c1928af9d412373583e5f4fb5f,3.5.2,docker.io/bitnami/logstash:7.13.0-debian-10-r0
015d1f14823d59a59ce0f329e4bcabeb4837f232,3.5.3,docker.io/bitnami/logstash:7.13.0-debian-10-r3
7010a4d340187093a210016262a684de25c7d819,3.5.4,docker.io/bitnami/logstash:7.13.1-debian-10-r0
687bb78388db5e2cef0369814a10d9e7b9477a5f,3.5.5,docker.io/bitnami/logstash:7.13.2-debian-10-r0
d6ba56d2fbc9e04728e7f39434213f5814ecf872,3.5.6,docker.io/bitnami/logstash:7.13.3-debian-10-r0
ed0c72eae1fa6dcb137426b36445a73977fefe75,3.5.7,docker.io/bitnami/logstash:7.13.3-debian-10-r0
50ff43329c4b77aef5c19f529972c4fe49c57e3d,3.5.8,docker.io/bitnami/logstash:7.13.4-debian-10-r0
9c0f312f1e1ae006a2c4cced9ce49f19f703cba5,3.5.9,docker.io/bitnami/logstash:7.13.4-debian-10-r0
90c81ac55e7b35709b04ea551bc54a40453ce630,3.5.10,docker.io/bitnami/logstash:7.13.4-debian-10-r0
f1344b0361c5a93bf971d08f0fc64d3c8588cbf9,3.6.0,docker.io/bitnami/logstash:7.13.4-debian-10-r0
4c867335c5c9c5aba041868df16ebb8f64ac68bd,3.6.1,docker.io/bitnami/logstash:7.13.4-debian-10-r0
8a58e36f84df82fe076cd61107ebcb98481e38fa,3.6.2,docker.io/bitnami/logstash:7.14.0-debian-10-r0
466b324724ee6ed1a570ad6ad1f8a373a76549a2,3.6.3,docker.io/bitnami/logstash:7.14.0-debian-10-r1
6c107e835d6caf8db2e8b17dcd48c5971637e013,3.6.3,docker.io/bitnami/logstash:7.14.0-debian-10-r1
c0c644d97c00f6729a7f2a458ab03697a13055c2,3.6.4,docker.io/bitnami/logstash:7.14.0-debian-10-r21
da2513bf0a33819f3b1151d387c631a9ffdb03e2,3.6.4,docker.io/bitnami/logstash:7.14.0-debian-10-r21
c1c9ef7dd1067bbc322938e0414f9b4c5d3532b1,3.6.5,docker.io/bitnami/logstash:7.14.1-debian-10-r0
9c82ba295d70b1cac50ab4d8d494fdbefc1ec0ac,3.6.5,docker.io/bitnami/logstash:7.14.1-debian-10-r0
6e80badf8ac01134aa280f176a309a08a08d0445,3.6.6,docker.io/bitnami/logstash:7.14.2-debian-10-r0
bd0f8f2f281fed642259508be21a57af1cfa5c2b,3.6.6,docker.io/bitnami/logstash:7.14.2-debian-10-r0
3f12b2af85441c8b6f36e177d38c46a04b18b06b,3.6.7,docker.io/bitnami/logstash:7.15.0-debian-10-r0
79eac4490bf5d0abe582920d9662a892c9666870,3.6.7,docker.io/bitnami/logstash:7.15.0-debian-10-r0
e5ab2e6ecdd6bce800863f154cda524ff9f6c117,3.6.7,docker.io/bitnami/logstash:7.15.0-debian-10-r0
4297b792e48fba9c7c3b8fed447a856632c61201,3.6.8,docker.io/bitnami/logstash:7.15.0-debian-10-r0
1279593765044df99902bfee8dcfaeb60e95f125,3.6.10,docker.io/bitnami/logstash:7.15.0-debian-10-r0
e7e364db4380735a006331ad0b9bb5179e2ee720,3.6.11,docker.io/bitnami/logstash:7.15.1-debian-10-r0
f6a2fc0a6582f00cfd953c1e694b5cc630aacc00,3.6.11,docker.io/bitnami/logstash:7.15.1-debian-10-r0
9711a33c6eec72ea79143c4b7574dbe6a148d6b2,3.6.12,docker.io/bitnami/logstash:7.15.1-debian-10-r0
a6751cdd33c461fabbc459fbea6f219ec64ab6b2,3.6.13,docker.io/bitnami/logstash:7.15.1-debian-10-r0
b50c834f4c8531a4999d836f7a7011ba7210d05b,3.6.14,docker.io/bitnami/logstash:7.15.1-debian-10-r12
412cf6a513cb0c03444a6e7811c6f27193239a10,3.6.14,docker.io/bitnami/logstash:7.15.1-debian-10-r12
65bb55a73bbd6b1519cb21ca1b5230639e326e19,3.6.15,docker.io/bitnami/logstash:7.15.1-debian-10-r12
14b89eadad5eaf515b99c0392eb9461fff50f4a1,3.6.15,docker.io/bitnami/logstash:7.15.1-debian-10-r12
d88b168336b492b2700edbc706425f3a318c062f,3.6.16,docker.io/bitnami/logstash:7.15.2-debian-10-r0
e6f742cb88c330952cb52da038db61537ec921e5,3.6.16,docker.io/bitnami/logstash:7.15.2-debian-10-r0
c6ff51cdfc1791124ecf2a2ecfa677a6e46bf0b0,3.6.17,docker.io/bitnami/logstash:7.15.2-debian-10-r12
15b13c902e7ca7c8cc8a2388f6a4d2004a0627c6,3.6.17,docker.io/bitnami/logstash:7.15.2-debian-10-r12
eafb5bd5a2cc3aaf04fc1e8ebedd73f420d76864,3.6.18,docker.io/bitnami/logstash:7.15.2-debian-10-r12
8c1b73ad0db7a3f4396643a50fe774ca5897ed91,3.6.19,docker.io/bitnami/logstash:7.16.0-debian-10-r0
2bc864288778d0bb9fa29678f699f70195a0d527,3.6.20,docker.io/bitnami/logstash:7.16.1-debian-10-r0
9c2707303c57fccf654a74c36c3269fab2fbcf79,3.6.21,docker.io/bitnami/logstash:7.16.1-debian-10-r4
724c8f3afaf8e37d038733cd4ba8275ec8d581b4,3.6.22,docker.io/bitnami/logstash:7.16.2-debian-10-r0
0d41aed8f003455e83bac672251510b6d7b68063,3.6.23,docker.io/bitnami/logstash:7.16.2-debian-10-r8
b87c2f7899d48a8b02c506765e6ae82937e9ba3f,3.6.23,docker.io/bitnami/logstash:7.16.2-debian-10-r8
32fb238e60a0affc6debd3142eaa3c3d9089ec2a,3.6.23,docker.io/bitnami/logstash:7.16.2-debian-10-r8
05f763372501d596e57db713dd53ff4ff3027cc4,3.6.23,docker.io/bitnami/logstash:7.16.2-debian-10-r8
8cad18aed9966a6f0208e5ad6cee46cb217f47ab,3.7.0,docker.io/bitnami/logstash:7.16.2-debian-10-r8
3441e98c57127108e3e71173d58ebd6361bc9a02,3.7.1,docker.io/bitnami/logstash:7.16.2-debian-10-r20
97407310928e06bed974d5e15c0c36fc9b1dae78,3.7.2,docker.io/bitnami/logstash:7.16.3-debian-10-r0
78d193831c900d178198491ffd08fa2217a64ecd,3.7.2,docker.io/bitnami/logstash:7.16.3-debian-10-r0
b9a953337590eb2979453385874a267bacf50936,3.7.2,docker.io/bitnami/logstash:7.16.3-debian-10-r0
8d740c566cfdb7e2d933c40128b4e919fce953a5,3.7.3,docker.io/bitnami/logstash:7.16.3-debian-10-r0
f5e7ec635233720205371157849a4b5b6bcb836b,3.7.4,docker.io/bitnami/logstash:7.17.0-debian-10-r0
6ffd18fbbdf10e94ea1a90cf5b84ef610ac2a72d,3.7.4,docker.io/bitnami/logstash:7.17.0-debian-10-r0
2d7480471ff40f7640b8e9d4daca6a51c0d59097,3.7.5,docker.io/bitnami/logstash:7.17.0-debian-10-r0
e51892f20fa5c248a96e33be51946e126f09643e,3.7.6,docker.io/bitnami/logstash:7.17.0-debian-10-r16
8fe6cf2371aaec3c9fdc1b4bf8c0fd2942dd9ffc,3.7.7,docker.io/bitnami/logstash:7.17.0-debian-10-r19
c1b30189af2a41f379d4b20747a74b79f0c96af0,3.7.8,docker.io/bitnami/logstash:7.17.1-debian-10-r0
4b1240eed394cd7d06b6359df8314ed2aa4981cd,3.8.0,docker.io/bitnami/logstash:7.17.1-debian-10-r9
1f47ec6cbcb0cec74fe4afe8669f50722293260c,3.8.1,docker.io/bitnami/logstash:7.17.1-debian-10-r9
1b7b8a02109a409d052ddd5f84b7890b3be2d2b2,3.8.2,docker.io/bitnami/logstash:7.17.1-debian-10-r17
d44e65e91e88be5c9c846bcabbd838218f035969,3.8.3,docker.io/bitnami/logstash:7.17.1-debian-10-r26
ce4f1bd55246e565bc125aa8dca352fee935238d,3.8.4,docker.io/bitnami/logstash:7.17.1-debian-10-r28
18e130d7182cc10d216c9bfefc95e7b0964ebea0,3.8.5,docker.io/bitnami/logstash:7.17.2-debian-10-r0
07c9c59187abc29dc25803a3471f171bb766ffde,3.8.6,docker.io/bitnami/logstash:7.17.2-debian-10-r1
792f054a6ae3c60ac55093c127358b735ee9ba66,3.8.7,docker.io/bitnami/logstash:7.17.2-debian-10-r2
aed5d8bfc3991c8bfdc9038900a2c8e2c53a2e8d,3.8.8,docker.io/bitnami/logstash:7.17.2-debian-10-r5
c118f228f5c932f789a31782d992986b64508f70,4.0.0,docker.io/bitnami/logstash:8.1.2-debian-10-r1
39d3b831254e2c761980e0820c81d41b599985c5,4.0.1,docker.io/bitnami/logstash:8.1.2-debian-10-r1
ef5d574a514a14eabf7f935170fcb4d88742caa5,4.0.2,docker.io/bitnami/logstash:8.1.2-debian-10-r13
ce056d1a697c38090f40430cd94e56f3e0771077,4.0.3,docker.io/bitnami/logstash:8.1.2-debian-10-r14
1a240f6837fe2b8022bc9d0decca4f55449b78b0,4.0.4,docker.io/bitnami/logstash:8.1.3-debian-10-r0
e85429ddbdf570bc5d7a1f140892757e2b612ff6,4.0.5,docker.io/bitnami/logstash:8.2.0-debian-10-r0
9cfe4a48cc35851faea6be7ffb2a978d223befa0,4.0.6,docker.io/bitnami/logstash:8.2.0-debian-10-r0
e6b093a3696c0dcddd3eaddbd0e1e796069df71e,4.0.6,docker.io/bitnami/logstash:8.2.0-debian-10-r0
5df30c44dbd1812da8786579ce4a94917d46a6ad,4.0.6,docker.io/bitnami/logstash:8.2.0-debian-10-r0
0f6cbb9099b0e56685cc1d36ba50340f3d7278a1,4.1.0,docker.io/bitnami/logstash:8.2.0-debian-10-r0
80b2673921b987136bd6ea22a8733acff68f7468,5.0.0,docker.io/bitnami/logstash:8.2.0-debian-10-r14
faea569be2e81d2a4b2f099c5c803ea57441d3de,5.0.1,docker.io/bitnami/logstash:8.2.0-debian-10-r15
9adc91158eb6bf9c8d3d7e8a3f07ee5b59c78af8,5.0.2,docker.io/bitnami/logstash:8.2.0-debian-10-r16
aec605705f626e20fa51eea03807dd85a2122a7f,5.0.3,docker.io/bitnami/logstash:8.2.0-debian-10-r17
f0409b7bda4e4f60b8a0e6c441158dc5712fc6d6,5.0.4,docker.io/bitnami/logstash:8.2.1-debian-10-r0
e34cebdc357c2f28e3ec466dee53529f1d2e33ca,5.0.5,docker.io/bitnami/logstash:8.2.1-debian-10-r0
550710058fd8a402afc371b1f9b73797ae3bd62a,5.0.6,docker.io/bitnami/logstash:8.2.2-debian-10-r0
ff3cf617a1680509b0f3855d17c4ccff7b29a0ff,5.0.7,docker.io/bitnami/logstash:8.2.2-debian-10-r0
18cf38d107811acb712921bd2a64656484d77cd3,5.0.8,docker.io/bitnami/logstash:8.2.2-debian-11-r0
c6a7914361e5aea6016fb45bf4d621edfd111d32,5.0.8,docker.io/bitnami/logstash:8.2.2-debian-11-r0
1a2f76fa4abbceeb097bcaacac2b9ce8f9a2e8ec,5.0.9,docker.io/bitnami/logstash:8.2.2-debian-11-r3
66dbc05e90d563e14d9a58cafffdd215280856c5,5.0.10,docker.io/bitnami/logstash:8.2.3-debian-11-r0
9fcc426912eb6eb8e293f031142d5a01b18d3a0a,5.0.11,docker.io/bitnami/logstash:8.3.0-debian-11-r0
60a0f566f9f3086c9058a2fc50d4181cee8bc16e,5.0.12,docker.io/bitnami/logstash:8.3.1-debian-11-r0
943bb0fe69cc3596580f381e4d2c960a8ba7d3ad,5.0.13,docker.io/bitnami/logstash:8.3.2-debian-11-r0
6f5500dcdd0c84cbd88b46563b897d7273b2e0b9,5.0.13,docker.io/bitnami/logstash:8.3.2-debian-11-r0
d665af0c708846192d8d5fb2f5f9ea65dd464ab0,5.0.13,docker.io/bitnami/logstash:8.3.2-debian-11-r0
12466bec894887b79bbe67448fad56cf81fb6e37,5.0.14,docker.io/bitnami/logstash:8.3.3-debian-11-r0
8f824782951fb9bf7292a4b63d28e4b3a7fe85d7,5.0.15,docker.io/bitnami/logstash:8.3.3-debian-11-r1
b4923fafaa6b4b7f66e3d4625ba1d8a5493018de,5.0.16,docker.io/bitnami/logstash:8.3.3-debian-11-r2
f655255359bb5b37c8912f38c1ee5e3e8b791988,5.0.17,docker.io/bitnami/logstash:8.3.3-debian-11-r3
9209884e9d38b942063a541f121101093c57bfad,5.0.18,docker.io/bitnami/logstash:8.3.3-debian-11-r5
e80703535bafd85846617ee68da3e4982d60e678,5.0.19,docker.io/bitnami/logstash:8.3.3-debian-11-r5
8f7713e004e10495dc57e1603bf360408dce8ea6,5.1.0,docker.io/bitnami/logstash:8.3.3-debian-11-r5
7a9f4190ca84f505e2d9abf2d7398ae2992959cd,5.1.1,docker.io/bitnami/logstash:8.3.3-debian-11-r5
500868bd4ae15a5674f8bec5d2240fea58b5faba,5.1.2,docker.io/bitnami/logstash:8.4.1-debian-11-r0
cc1749f1b28997a3bfc39da09aadfd303cd8b042,5.1.3,docker.io/bitnami/logstash:8.4.1-debian-11-r0
ea02cde4795a63378d7ae58f0ae631fed1f09981,5.1.4,docker.io/bitnami/logstash:8.4.2-debian-11-r0
3cf6b10e10e60df4b3e191d6b99aa99a9f597755,5.1.4,docker.io/bitnami/logstash:8.4.2-debian-11-r0
9970616014b1a5eb858e3ac5d38656727155a66a,5.1.5,docker.io/bitnami/logstash:8.4.3-debian-11-r2
a529e02597d49d944eba1eb0f190713293247176,5.1.5,docker.io/bitnami/logstash:8.4.3-debian-11-r2
a56c91994d761f9c80df2eea5d9e9d7fdc5bea02,5.1.6,docker.io/bitnami/logstash:8.5.0-debian-11-r0
7dd7707cf8d0e3e9d81854b2b2e44047a9ff9ae0,5.1.7,docker.io/bitnami/logstash:8.5.1-debian-11-r0
87197f4813791c6153029fa28f83c27df9269886,5.1.8,docker.io/bitnami/logstash:8.5.2-debian-11-r0
88d38a609527dde084feac040107657a6b743983,5.1.9,docker.io/bitnami/logstash:8.5.3-debian-11-r0
9ab50c490dd8846eb4de841f90be2bb0cb18205f,5.1.10,docker.io/bitnami/logstash:8.5.3-debian-11-r9
c004bb465dfaddc6a8f77ede6b257e6513f9f84f,5.1.11,docker.io/bitnami/logstash:8.6.0-debian-11-r0
da2a7943bae95b6e9b5b4ed972c15e990b69fdb0,5.1.11,docker.io/bitnami/logstash:8.6.0-debian-11-r0
0ab760862c660fcc78cffadf8e1d8cdd70881473,5.1.11,docker.io/bitnami/logstash:8.6.0-debian-11-r0
2064fb8dcc78a845cdede8211af8c3cc52551161,5.1.11,docker.io/bitnami/logstash:8.6.0-debian-11-r0
912c8f07ec863de9643ce931324d0456f4e45022,5.1.12,docker.io/bitnami/logstash:8.6.1-debian-11-r0
add4ec701108ac36ed4de2dffbdf407a0d091067,5.1.12,docker.io/bitnami/logstash:8.6.1-debian-11-r0
d781bed5caa1585ea36248910b4af04da90b687e,5.1.13,docker.io/bitnami/logstash:8.6.1-debian-11-r0
c97c714887380d47eae7bfeff316bf01595ecd1d,5.1.13,docker.io/bitnami/logstash:8.6.1-debian-11-r0
a51e0e8d35495b907f3e70dd2f8e7c3bcbf4166a,5.1.13,docker.io/bitnami/logstash:8.6.1-debian-11-r0
aa9657237ee8df4a46db0d7fdf8a23230dd6902a,5.1.13,docker.io/bitnami/logstash:8.6.1-debian-11-r0
931932cd8e27d01b2250feb21accf29397cc194f,5.1.14,docker.io/bitnami/logstash:8.6.2-debian-11-r0
34a730b03cbe0b3a165b0a262184bf30f7355584,5.1.15,docker.io/bitnami/logstash:8.6.2-debian-11-r3
0e29e600d3adc8b1b46e506eccb3decfab3b4e63,5.1.15,docker.io/bitnami/logstash:8.6.2-debian-11-r3
31679ce00e6ef89a93ab3d21a77a5444325e0dac,5.2.0,docker.io/bitnami/logstash:8.6.2-debian-11-r3
d910f5c7eb22e234810fce1b1316cbd06d772cc3,5.2.1,docker.io/bitnami/logstash:8.6.2-debian-11-r9
ab2cfb679d0bb5b54d621e777155b00e3f263e40,5.2.2,docker.io/bitnami/logstash:8.7.0-debian-11-r0
884151035efcbf2e1b3206e7def85511073fb57d,5.3.0,docker.io/bitnami/logstash:8.7.0-debian-11-r0
5a77d39a3247eb66156e4beca580ce0c1d624ab4,5.3.1,docker.io/bitnami/logstash:8.7.0-debian-11-r9
b4fb62b4e627b7e0d7a42be5a5456b69d3f5c720,5.3.2,docker.io/bitnami/logstash:8.7.1-debian-11-r0
0fb416881082e36430d05139b110a228ee475488,5.3.3,docker.io/bitnami/logstash:8.7.1-debian-11-r2
fc9b18f2e98805d4df629acbcde696f44f973344,5.4.0,docker.io/bitnami/logstash:8.7.1-debian-11-r2
8f2277440b976d52785ba9149762ad8620a73d1f,5.4.0,docker.io/bitnami/logstash:8.7.1-debian-11-r2
e3ae220ee5ae6219cd1e57276af64e0098651cbd,5.4.1,docker.io/bitnami/logstash:8.7.1-debian-11-r7
8f68c198dccdc865248e1d3af646b11de55c356c,5.4.2,docker.io/bitnami/logstash:8.8.0-debian-11-r0
5b6a5cfb7625a751848a2e5cd796bd7278f406ca,5.4.2,docker.io/bitnami/logstash:8.8.0-debian-11-r0
ef986a1605241102b3dcafe9fd8089e6fc1201ad,5.4.2,docker.io/bitnami/logstash:8.8.0-debian-11-r0
5a9b4116f64cf86c051df1df475c7617c8f3e9a6,5.4.3,docker.io/bitnami/logstash:8.8.1-debian-11-r0
31b3c0afd968ff4429107e34101f7509e6a0e913,5.4.3,docker.io/bitnami/logstash:8.8.1-debian-11-r0
da68be8e951225133c7dfb572d5101ca3d61c5ae,5.4.3,docker.io/bitnami/logstash:8.8.1-debian-11-r0
8931b70529791bcddb546b82afe7296fe24bd33e,5.4.4,docker.io/bitnami/logstash:8.8.2-debian-11-r0
30e7b196d0001b2b82f6fca436e54e88b3b9d8dc,5.4.5,docker.io/bitnami/logstash:8.8.2-debian-11-r4
c165091b8c460796269b6ee4421d1e43d6b31f9b,5.4.6,docker.io/bitnami/logstash:8.8.2-debian-11-r24
b832078f5915392b92dc404b86505eeb4c466e17,5.4.7,docker.io/bitnami/logstash:8.9.0-debian-11-r0
8ef1faf3be5e84fa0e8c39359ca2ba614c315588,5.4.8,docker.io/bitnami/logstash:8.9.0-debian-11-r20
f4708ff9193b5f607c86f3785c9da4b9903c5003,5.4.9,docker.io/bitnami/logstash:8.9.1-debian-11-r0
de2392ba10064b8c3814632d2927c03ba9c17769,5.4.10,docker.io/bitnami/logstash:8.9.1-debian-11-r2
6d256563ad6d6ca30afa2931fa662177e1f18808,5.5.0,docker.io/bitnami/logstash:8.9.1-debian-11-r2
e1bb0e2b7600fa24b560bc14ca4a25a5a2746cc9,5.5.1,docker.io/bitnami/logstash:8.9.1-debian-11-r2
00672c9b30bd9041c78c5145545c8fcfecda974e,5.5.2,docker.io/bitnami/logstash:8.9.2-debian-11-r0
e2ff6c30d312110d185a55a02067e8107b90e743,5.5.3,docker.io/bitnami/logstash:8.9.2-debian-11-r0
a2c2090b5ac97f47b745c8028c6452bf99739772,5.5.3,docker.io/bitnami/logstash:8.9.2-debian-11-r0
774308704aad1bc6d1cd3c197447d3f55c560eab,5.5.4,docker.io/bitnami/logstash:8.10.0-debian-11-r0
73d80be525c88fb4b8a54451a55acd506e337062,5.5.4,docker.io/bitnami/logstash:8.10.0-debian-11-r0
f29fe2355f3792dfced697b81f5b038363ded026,5.5.5,docker.io/bitnami/logstash:8.10.1-debian-11-r0
06455aba3c799a752f387d1e6db309d42ae9c6ee,5.5.6,docker.io/bitnami/logstash:8.10.2-debian-11-r0
eb755dd36a4dd3cf6635be8e0598f9a7f4c4a554,5.5.6,docker.io/bitnami/logstash:8.10.2-debian-11-r0
d94451ca4dbc199b3cdebcec8a4f636e61417fc2,5.5.7,docker.io/bitnami/logstash:8.10.2-debian-11-r13
89b47046d449eff8a41785a635ed25cd22abcd0c,5.5.8,docker.io/bitnami/logstash:8.10.2-debian-11-r13
6535a012d887b657724a837ea86786d0c3ca0c9e,5.5.9,docker.io/bitnami/logstash:8.10.3-debian-11-r0
64c999825cd45664048882dcbd88bfae53f5a9a3,5.5.10,docker.io/bitnami/logstash:8.10.3-debian-11-r0
2d59cf434065427bdcaf63a033846a9965d9ea71,5.5.11,docker.io/bitnami/logstash:8.10.4-debian-11-r0
af5f7530c1bc8c5ded53a6c4f7b8f384ac1804f2,5.5.11,docker.io/bitnami/logstash:8.10.4-debian-11-r0
bb9a01b65911c87e48318db922cc05eb42785e42,5.5.11,docker.io/bitnami/logstash:8.10.4-debian-11-r0
3acc73472beb6fb56c4d99f929061001205bc57e,5.5.11,docker.io/bitnami/logstash:8.10.4-debian-11-r0
e7c28b8b69b74f8cf7f3f73fd544d7698c263b65,5.6.0,docker.io/bitnami/logstash:8.10.4-debian-11-r0
5278411dfdd7d214df37ea92c452d8f8c8f79975,5.6.1,docker.io/bitnami/logstash:8.11.0-debian-11-r0
d77d0f2d3754eec4859403222da9398b4f2d6688,5.6.2,docker.io/bitnami/logstash:8.11.0-debian-11-r0
f2e1c305c75c2741bf72fff0d5beb829524a8bc2,5.6.3,docker.io/bitnami/logstash:8.11.0-debian-11-r1
7ed53f1c0d1f4e8f4d6dd1ba91dfc4bf8fac52bc,5.6.4,docker.io/bitnami/logstash:8.11.1-debian-11-r0
20163af9c4cd6d81d0d22b8f4d72bea7f0ba3561,5.6.5,docker.io/bitnami/logstash:8.11.1-debian-11-r0
11036334d82df0490aa4abdb591543cab6cf7d7f,5.6.5,docker.io/bitnami/logstash:8.11.1-debian-11-r0
b82f979e4fb63423fe6e2192c946d09d79c944fc,5.6.5,docker.io/bitnami/logstash:8.11.1-debian-11-r0
4822b7ef55950fb94d7ce5f5b9843c06f70bab76,5.6.6,docker.io/bitnami/logstash:8.11.1-debian-11-r0
cad094a5797429463a14d789faaff26be3bf2526,5.6.7,docker.io/bitnami/logstash:8.11.1-debian-11-r0
39c0da302170bd2f085e864262fe3dd8d6281a01,5.6.8,docker.io/bitnami/logstash:8.11.2-debian-11-r0
daef88e5d207b55b4e63863d76fec1147e7702c3,5.6.9,docker.io/bitnami/logstash:8.11.3-debian-11-r0
6c4bf75dec58fc7c9aee9f089777b1a858c17d5b,5.6.9,docker.io/bitnami/logstash:8.11.3-debian-11-r0
f35506d2dadee4f097986e7792df1f53ab215b5d,5.6.9,docker.io/bitnami/logstash:8.11.3-debian-11-r0
e4fa296106b225cf8c82445727c675c7c725e380,5.6.9,docker.io/bitnami/logstash:8.11.3-debian-11-r0
01959861c032ec2387d25ac947c520dbf634435f,5.6.10,docker.io/bitnami/logstash:8.11.4-debian-11-r0
e798694a186fd9cde21aa4913af745578e9a78df,5.6.11,docker.io/bitnami/logstash:8.11.4-debian-11-r0
fe27d9fe3f79e60297faeb8d73abb6efc806e4ac,5.7.0,docker.io/bitnami/logstash:8.11.4-debian-11-r0
a6acb30032a2d80a14bfd0860544cacb5290fda0,5.7.1,docker.io/bitnami/logstash:8.11.4-debian-11-r0
85955a36f8a410e46a1b3ca9eb9f3b5d90ca0bd6,5.7.2,docker.io/bitnami/logstash:8.12.0-debian-11-r1
5dd5bd6d0d0130fd1a60ff4d14e2955ee510eaf5,5.8.0,docker.io/bitnami/logstash:8.12.0-debian-11-r1
bdfe8ddbeb1bd64316bfb3696caf732884775ca7,5.9.0,docker.io/bitnami/logstash:8.12.0-debian-11-r1
7564f36ca1e95ff30ee686652b7ab8690561a707,5.9.0,docker.io/bitnami/logstash:8.12.0-debian-11-r1
451683078f2482cc44da6b775c62b69feee41190,5.9.1,docker.io/bitnami/logstash:8.12.0-debian-11-r1
9af7c62c0bb5237d54f6c5bb7930c9229d4ebb0c,5.9.2,docker.io/bitnami/logstash:8.12.0-debian-11-r3
920c27069dee7d9af407febdd6a00b5ded56e9e7,5.9.3,docker.io/bitnami/logstash:8.12.0-debian-11-r4
e66e14e931a6806ee83bf1d8aea2064fb1eb33c0,5.10.0,docker.io/bitnami/logstash:8.12.0-debian-11-r4
b791f82acf877f8cace28e776aed142254cfe0f0,5.10.1,docker.io/bitnami/logstash:8.12.1-debian-11-r0
d6bdf6af3c341d38f1bcfbb49197a91028167d01,5.10.2,docker.io/bitnami/logstash:8.12.1-debian-11-r1
ea0f650e01ffe0b1b21c7d5633cf9e87002fcd29,5.10.3,docker.io/bitnami/logstash:8.12.1-debian-11-r2
b70ee2a30e4dc256bf0ac52928fb2fa7a70f049b,5.11.0,docker.io/bitnami/logstash:8.12.1-debian-11-r2
01e850520c5d7509648a6f31f0dbe542f6fd5348,5.11.0,docker.io/bitnami/logstash:8.12.1-debian-11-r2
afb1c808094a8c7cea7ff30e9ee977732b0f9e96,5.11.1,docker.io/bitnami/logstash:8.12.1-debian-12-r4
dafe774a6abb085d4b2f488592f52e0299876132,5.11.2,docker.io/bitnami/logstash:8.12.1-debian-12-r5
38a6fd3d31eb426d43714194151605b54699d524,5.11.3,docker.io/bitnami/logstash:8.12.2-debian-12-r0
ddc54178261fd3f3b55bbf203facac4011600789,5.12.0,docker.io/bitnami/logstash:8.12.2-debian-12-r0
8ad3f43f0f85b24c1f06e0436ead56956e0a9024,5.13.0,docker.io/bitnami/logstash:8.12.2-debian-12-r1
a63643031142e759a2c03884497376a134d2d2a9,6.0.0,docker.io/bitnami/logstash:8.12.2-debian-12-r1
0cf4048e8743f70a9753d460655bd030cbff6824,6.0.0,docker.io/bitnami/logstash:8.12.2-debian-12-r1
641c5468069de826c12d1e7c825807cf68b4ee96,6.0.0,docker.io/bitnami/logstash:8.12.2-debian-12-r1
f544d8b0c1938b7cae604831428c930f2d100674,6.0.1,docker.io/bitnami/logstash:8.13.0-debian-12-r0
3a997df66a82cb7b52ca620bcce1161cdb50cf13,6.0.2,docker.io/bitnami/logstash:8.13.1-debian-12-r0
92e3e8a507326d2a20a8f10ab3e7746a2ec5c554,6.0.2,docker.io/bitnami/logstash:8.13.1-debian-12-r0
532fcdc499cb67eccf0ade49ff1c02d3deb1d696,6.0.2,docker.io/bitnami/logstash:8.13.1-debian-12-r0
0f7b32f7698bb2a78008a5c9f6133def4a92681b,6.0.3,docker.io/bitnami/logstash:8.13.2-debian-12-r0
a5e4bd0e35e419203793976a78d9d0a13de92c76,6.0.3,docker.io/bitnami/logstash:8.13.2-debian-12-r0
c26b96a4846341abf2138e65dad2f1a3bb6caeab,6.0.4,docker.io/bitnami/logstash:8.13.3-debian-12-r0
8d1dc11f5fb30db6fba50c43d7af59d2f79deed3,6.0.4,docker.io/bitnami/logstash:8.13.3-debian-12-r0
b067c94f6bcde427863c197fd355f0b5ba12ff5b,6.0.4,docker.io/bitnami/logstash:8.13.3-debian-12-r0
cd10508d94bbacb153da18c99bd1c74e4a47f7db,6.0.5,docker.io/bitnami/logstash:8.13.3-debian-12-r2
f970015ec5f49e88c43aa2905dc8299c47cede02,6.0.6,docker.io/bitnami/logstash:8.13.4-debian-12-r0
04993478b9ba45d3ef247ae858af5214b6327518,6.0.7,docker.io/bitnami/logstash:8.13.4-debian-12-r0
a1bc44ba305bee4cec46f4e7908b90ae58cf102a,6.0.8,docker.io/bitnami/logstash:8.13.4-debian-12-r1
e533bfafe5c2cdb87c9a250d02bca7c6307d0b85,6.1.0,docker.io/bitnami/logstash:8.13.4-debian-12-r1
d55ce42aa3b5092e35e0aaebe5713d7bc86560f2,6.1.1,docker.io/bitnami/logstash:8.13.4-debian-12-r1
91c707c9e4e574725a09505d2d313fb93f1b4c0a,6.1.1,docker.io/bitnami/logstash:8.13.4-debian-12-r1
3db134d7603f9dfccef27e455d8f425a4c4167b2,6.2.0,docker.io/bitnami/logstash:8.13.4-debian-12-r1
4a3aee4de029074aec8427875d07fe191a9e82a7,6.2.1,docker.io/bitnami/logstash:8.13.4-debian-12-r1
13d1fded62b03d215410e5aeea46b74a794ccaf5,6.2.2,docker.io/bitnami/logstash:8.13.4-debian-12-r1
6fc7bdcb0b026bdc31c03db07aad1d26d19da3ac,6.2.3,docker.io/bitnami/logstash:8.14.0-debian-12-r0
56dfcc599d3edad3dcca3b2e4e7d6feac6f0f51e,6.2.4,docker.io/bitnami/logstash:8.14.0-debian-12-r0
38a0c2d71bebb2e3a91f36ffb1065c75700e1a32,6.2.5,docker.io/bitnami/logstash:8.14.0-debian-12-r1
e2e5d5f7ff623382dfabe527a6517069fcdae56d,6.2.6,docker.io/bitnami/logstash:8.14.1-debian-12-r0
e51e6cea0b8a80f6d55f4775c3b47e851915d70c,6.2.7,docker.io/bitnami/logstash:8.14.1-debian-12-r0
bbae2fca457a82cdcff10900dc9d5f6d7630f08e,6.2.8,docker.io/bitnami/logstash:8.14.1-debian-12-r0
52dfed6bac44d791efabfaf06f15daddc4fefb0c,6.2.8,docker.io/bitnami/logstash:8.14.1-debian-12-r0
7341e2ff392fe6218c491d273477ef44402bc6c3,6.2.9,docker.io/bitnami/logstash:8.14.1-debian-12-r1
25e94295ff332c3d8ba22c0cdc19cfd9c89aea88,6.2.10,docker.io/bitnami/logstash:8.14.2-debian-12-r0
92b1967e8dccbc53ce55a29477ea8c79f3e00c18,6.2.11,docker.io/bitnami/logstash:8.14.3-debian-12-r0
a6f7aa2bcf8c5f2108bb7636b51bad6cb422d300,6.2.12,docker.io/bitnami/logstash:8.14.3-debian-12-r0
8ee9deb7972c9bdeeef87667ffec2cbc9a17e84b,6.2.13,docker.io/bitnami/logstash:8.14.3-debian-12-r1
75944e6df9e9672dec0c0f462ec5b3bb73fc9e39,6.2.14,docker.io/bitnami/logstash:8.14.3-debian-12-r2
e4cc1380c87dd6aa7ba3bdc568c0228cace42603,6.3.0,docker.io/bitnami/logstash:8.14.3-debian-12-r2
29b2f86b0ad53ec63603f2b9913f4e763094b706,6.3.1,docker.io/bitnami/logstash:8.14.3-debian-12-r2
e90c7bd65bf6db4e6a17ae305ba9b8000954316d,6.3.2,docker.io/bitnami/logstash:8.15.0-debian-12-r0
8a7a49b1f3070436c4bb0cf7074c827b16116852,6.3.3,docker.io/bitnami/logstash:8.15.1-debian-12-r0
35015385d5abc694ceafb77f232303cffcb6f2e3,6.3.4,docker.io/bitnami/logstash:8.15.1-debian-12-r0
abd6fedf0711acaa28f61094575057255965ff14,6.3.5,docker.io/bitnami/logstash:8.15.2-debian-12-r0
f0d9ad78f39f633d275fc576d32eae78ded4d0b8,6.3.5,docker.io/bitnami/logstash:8.15.2-debian-12-r0
75a26c75d7fbb96b71598ae495d85482984981cf,6.3.6,docker.io/bitnami/logstash:8.15.3-debian-12-r0
a51f9e4bb0fbf77199512d35de7ac8abe055d026,6.3.6,docker.io/bitnami/logstash:8.15.3-debian-12-r0
232489503324b0cc7e1fa60cc334da2fffb6de02,6.3.7,docker.io/bitnami/logstash:8.15.4-debian-12-r0
760b0edf16c6f76ef1e424ec1a6063335308d2a1,6.3.8,docker.io/bitnami/logstash:8.16.0-debian-12-r0
266c704facb55306a01fef15d69c7f3e722b2d06,6.3.9,docker.io/bitnami/logstash:8.16.1-debian-12-r0
35ab5363741e7548f4076f04da6e62d10153c60c,6.3.9,docker.io/bitnami/logstash:8.16.1-debian-12-r0
3dfc00376df6631f0ce54b8d440d477f6caa6186,6.3.9,docker.io/bitnami/logstash:8.16.1-debian-12-r0
e64e0d53149404ab60997cd038db3f517b47bc0c,6.4.0,docker.io/bitnami/logstash:8.16.1-debian-12-r0
154934371073efe104fee09db7140356b62b6780,6.4.1,docker.io/bitnami/logstash:8.17.0-debian-12-r0
b41a51d1bd04841fc108b78d3b8357a5292771c8,6.4.1,docker.io/bitnami/logstash:8.17.0-debian-12-r0
826cea9060cdb0c7d2c7ec54d7abbdd68b565d00,6.4.2,docker.io/bitnami/logstash:8.17.1-debian-12-r0
46f003b12847591e12fa2e5b4dad9025c14fb1e3,6.4.3,docker.io/bitnami/logstash:8.17.1-debian-12-r2
e9f02f5007068751f7eb2270fece811e685c99b6,6.4.3,docker.io/bitnami/logstash:8.17.1-debian-12-r2
fa6db9edb33444f39e4c8d7fcdf16a5fd9d820e8,6.4.4,docker.io/bitnami/logstash:8.17.2-debian-12-r0
d9bb11a9076b9bfdcc70ea022c25ef50e9713657,6.4.4,docker.io/bitnami/logstash:8.17.2-debian-12-r0
633b0368e43b4322af9011e4c894e4d90c2fa5c9,6.4.5,docker.io/bitnami/logstash:8.17.3-debian-12-r0
a8fba5cb01f6f4464ca7f69c50b0fbe97d837a95,6.4.5,docker.io/bitnami/logstash:8.17.3-debian-12-r0
53428acc98fb7b075a311f611c26bab5a627ce5f,6.4.6,docker.io/bitnami/logstash:8.17.4-debian-12-r0
aee7e221de53c9dd8cb455527b4c37b8bda53af2,6.4.7,docker.io/bitnami/logstash:8.18.0-debian-12-r0
e511f5d92c0e5b5111864a253a4cd36b4ff48ade,6.4.8,docker.io/bitnami/logstash:8.18.0-debian-12-r0
74863986c3c0ba1e5ae63db5830995e677898c24,7.0.0,docker.io/bitnami/logstash:9.0.0-debian-12-r0
4c4b1d78f7b00fb73129b1fb6c7b2a0033c521a1,7.0.1,docker.io/bitnami/logstash:9.0.0-debian-12-r0
dd6eb3cb6d0381c03a9febfca500c905cd911f86,7.0.2,docker.io/bitnami/logstash:9.0.1-debian-12-r0
77e312c1772d4d7c4dc5d3ac0e80f4e452e3a062,7.0.2,docker.io/bitnami/logstash:9.0.1-debian-12-r0
164167b0122f854bfad93167a771e8a3d3f2468b,7.0.3,docker.io/bitnami/logstash:9.0.2-debian-12-r0
02e7542c52fe66efffb5253ca6ad21b819c2e70e,7.0.4,docker.io/bitnami/logstash:9.0.2-debian-12-r1
42959c00a308b3b1f155591076b5b6bee9322572,7.0.5,docker.io/bitnami/logstash:9.0.3-debian-12-r0
5d7bfa13c6e0139bb0d7a53a84375d4a78f394d1,7.0.6,docker.io/bitnami/logstash:9.0.3-debian-12-r0
e1c8146831516fb35de736a6f3fd10e5e7a44286,7.0.6,docker.io/bitnami/logstash:9.0.3-debian-12-r0
73d15e03e04647efa902a1d14a09ea8657429cd0,7.0.6,docker.io/bitnami/logstash:9.0.3-debian-12-r0
4973fd08dd7e95398ddcc4054538023b542e19f2,7.0.6,docker.io/bitnami/logstash:9.0.3-debian-12-r0
46ec76d40a0a82d5931d870e7a0b22c8b35835ad,7.0.7,docker.io/bitnami/logstash:9.0.4-debian-12-r0
f28498df674b5079c3869623ee51d9c4470203c1,7.0.8,docker.io/bitnami/logstash:9.1.0-debian-12-r0
07483a5ed964b409266dc025e4b55bf2eb0f621c,7.0.8,docker.io/bitnami/logstash:9.1.0-debian-12-r0
d26cd40d6647f3df817fad0d8477ad6734ad2dea,7.0.9,docker.io/bitnami/logstash:9.1.0-debian-12-r0
a51bc06bb449da0ecbf915fc48042fb04abe902c,7.0.10,docker.io/bitnami/logstash:9.1.1-debian-12-r0
246d1429d5aa0c9ab203a2d323411e720579ce4a,7.0.11,docker.io/bitnami/logstash:9.1.2-debian-12-r0
