commit,chart_version,images
5413120bb281c0c531ed2cf431cb316dc356e977,0.4.23,docker.io/bitnami/postgresql:10.3.0
fdbcc57a95af97bfa63c873432f7dc070c37f8c3,0.4.24,docker.io/bitnami/postgresql:10.3.0
590549a15f8e676fc348313f4a11308029e6ab43,0.4.24,docker.io/bitnami/postgresql:10.4.0
70178efd2ca8becdb3b05371eccada273690a0bb,0.4.24,docker.io/bitnami/postgresql:10.4.0
7f48795b1d96a24f4a1e8617b9bae841b3b0d177,0.4.25,docker.io/bitnami/postgresql:10.4.0
7527ab5b4c1c2af5ac219c4fb4a5c7dbf61dd63f,1.0.0,docker.io/bitnami/postgresql:10.4.0
fbafc631e35851b5cbad2d050df361a0790fb764,1.0.0,docker.io/bitnami/postgresql:10.4.0
74259415261cd15cf6e2bde6d5ef7eb6e0d4d43b,1.0.0,docker.io/bitnami/postgresql:10.4.0
657025be216d5cccf4b46e225bcc0a45e9f0e9e1,1.0.1,docker.io/bitnami/postgresql:10.4.0
6f37eb71b1b7168517f0bb9d64252bd57548a4fc,1.0.1,docker.io/bitnami/postgresql:10.4.0
2d0656f6ab19a4819fea68bae1a2710ee96e1807,1.0.2,docker.io/bitnami/postgresql:10.4.0
80b8bf4f6067856dbae4632041d0b0422293dd8b,1.0.2,docker.io/bitnami/postgresql:10.4.0-debian-9
4a136162d73841cfbcfa4405dc9223100d4eaa0d,1.0.2,docker.io/bitnami/postgresql:10.4.0-debian-9
a3b1015a483f2074382dc862fe6604d4b22b3408,1.0.3,docker.io/bitnami/postgresql:10.4.0-debian-9
29abeb22b95d0f81bfc906fea90fa02d4e516e70,1.0.3,docker.io/bitnami/postgresql:10.4.0-debian-9
24cd97d1949348a6f32599135ccea26762989a37,1.0.4,docker.io/bitnami/postgresql:10.4.0-debian-9
0125d8b36749147835dfcf0686e6ec690540364e,1.0.5,docker.io/bitnami/postgresql:10.4.0-debian-9
130f0904b9bca9766de65a9b8ebffa18a03a14f2,2.0.0,docker.io/bitnami/postgresql:10.4.0-debian-9
58800b381eab45136afbc945c24fe38b2a7b1cca,2.0.0,docker.io/bitnami/postgresql:10.4.0-debian-9
2b0272b9bbd519fc9764b9000b74d0c337b6f3d6,2.0.1,docker.io/bitnami/postgresql:10.4.0-debian-9
b92ea0d2c9075c79184d7658de12bc4ead0d96fc,2.1.0,docker.io/bitnami/postgresql:10.4.0-debian-9
dfd13a2b76b83f558d9dbb1d942c66ecaa93c221,2.1.1,docker.io/bitnami/postgresql:10.4.0-debian-9
0071eb5545f7774eeab9ea335c660df644ad3e4c,2.1.2,docker.io/bitnami/postgresql:10.4.0-debian-9
422a53866afbeaf6f23eaca6dab1a5df8518e0dd,2.1.2,docker.io/bitnami/postgresql:10.5.0-debian-9
7d986988626d57d5f91b9c4cb983a2cedf7b1071,2.1.2,docker.io/bitnami/postgresql:10.5.0-debian-9
3192d7c54e6b1f689d3f5bcfa61cb2428812f955,2.1.3,docker.io/bitnami/postgresql:10.5.0-debian-9
65a1e5eaa7040c37ff4ad5dff28a3bb4ca216ff9,3.0.0,docker.io/bitnami/postgresql:10.5.0-debian-9
a64172812af8b11fac23be2fe7a66b1edb14c71f,3.0.1,docker.io/bitnami/postgresql:10.5.0-debian-9
a140313f4910d1366170415f0300729c22eda073,3.0.1,docker.io/bitnami/postgresql:10.5.0-debian-9
728466ac178560c67f2ede913140f50dc5136fd3,3.0.1,docker.io/bitnami/postgresql:10.5.0-debian-9
e42a9233eb18139d09d9f5fb0a010a10a29c4a1b,3.0.1,docker.io/bitnami/postgresql:10.5.0-debian-9
2f6dc51ce6307d57bd8c20e929da23dd2adf22d5,3.0.2,docker.io/bitnami/postgresql:10.5.0-debian-9
4010d13f5fb69c191e34fbfcbe3a6f57e3486236,3.0.2,docker.io/bitnami/postgresql:10.5.0-debian-9
6f6443c48acf83d84eff9c406f64cf4a6265d07a,3.0.2,docker.io/bitnami/postgresql:10.5.0-debian-9
395ba08e2bc14ef28a0cae1fada97ed6cf2e777d,3.1.0,docker.io/bitnami/postgresql:10.5.0-debian-9
93170acc16e842e55aff7b7d944f7fbe025eee91,3.1.0,docker.io/bitnami/postgresql:10.5.0-debian-9
dec26e5d0b982905dde2a55fdf2285a7781a64cc,3.1.0,docker.io/bitnami/postgresql:10.5.0-debian-9
be6cbedd27cea4c5c0e30ce70c9790c27ca1a0ec,3.1.0,docker.io/bitnami/postgresql:10.5.0-debian-9
24706a6163b75700c705f3021bb37790f95423c9,3.1.0,docker.io/bitnami/postgresql:10.5.0-debian-9
9ead294d5705f2646e8d3b70e14129d23c07bf8a,3.1.0,docker.io/bitnami/postgresql:10.5.0-debian-9
427ac51cdf4de70f786563e1971a5d491d32ad54,3.1.0,docker.io/bitnami/postgresql:10.5.0
0cfd3f421533a532c90438afa287bf46aa10413e,3.1.1,docker.io/bitnami/postgresql:10.5.0
a0e44f7d6a10b8b5643186130ea420887cb72c7c,8.6.3,docker.io/bitnami/postgresql:11.7.0-debian-10-r9
a4df45b81a9d0a7862f043765bc13bc875bdad96,8.6.4,docker.io/bitnami/postgresql:11.7.0-debian-10-r26
730ef6c3099c13cb88d3a1b2b66161a62cb02715,8.6.5,docker.io/bitnami/postgresql:11.7.0-debian-10-r26
dc4a34bae5a3e04082799591b510e8cf635329b1,8.6.6,docker.io/bitnami/postgresql:11.7.0-debian-10-r26
0587893a5b71805158f340b0134c2540ff90a4b6,8.6.7,docker.io/bitnami/postgresql:11.7.0-debian-10-r36
590c6b0f4e07161614453b12efe71f22e0c00a46,8.6.8,docker.io/bitnami/postgresql:11.7.0-debian-10-r37
429df27997fe2916f90463cbaa97484a7f5d7968,8.6.9,docker.io/bitnami/postgresql:11.7.0-debian-10-r40
3306f535514a7476087a891b632c7047275f75cc,8.6.10,docker.io/bitnami/postgresql:11.7.0-debian-10-r43
8fce43be843d06ffe1bd79471aa3a93c7ac6f0be,8.6.11,docker.io/bitnami/postgresql:11.7.0-debian-10-r49
1d9296fe56cbccea315e4f39b529bfb7d2250ded,8.6.12,docker.io/bitnami/postgresql:11.7.0-debian-10-r51
27bf542764c9186195c117aa21d297f2d9bd85e7,8.6.13,docker.io/bitnami/postgresql:11.7.0-debian-10-r55
fa546fc21cde9a349b3729935265f59229af32e6,8.7.0,docker.io/bitnami/postgresql:11.7.0-debian-10-r58
102f747100ad8c789bd828937739738e5b9f355c,8.7.1,docker.io/bitnami/postgresql:11.7.0-debian-10-r61
25de34c95a3ba0c88ead7af9f4609f0c3f8cfc10,8.7.2,docker.io/bitnami/postgresql:11.7.0-debian-10-r63
d12849859960468f274290a3af10a57e6262754d,8.7.3,docker.io/bitnami/postgresql:11.7.0-debian-10-r65
734e060a346febea516fd815624b7dd852963e23,8.7.4,docker.io/bitnami/postgresql:11.7.0-debian-10-r71
c60c74667980efe54672e4bbfd97bf5b081dde21,8.8.0,docker.io/bitnami/postgresql:11.7.0-debian-10-r73
1765929fa8cf37819309ff975ebf0a8dfcf7824d,8.9.0,docker.io/bitnami/postgresql:11.7.0-debian-10-r77
3bec415f3b35b303e9dff4f0c634d164c2e55eb3,8.9.1,docker.io/bitnami/postgresql:11.7.0-debian-10-r80
67e100899cd2bbad2c43d8aeede3129f853b71d9,8.9.2,docker.io/bitnami/postgresql:11.7.0-debian-10-r82
d88de83e04f7dd3a1d1c99df54208439d9cc7913,8.9.2,docker.io/bitnami/postgresql:11.7.0-debian-10-r86
3fa18e51e06028fe7e9d4d4298348993fb86a327,8.9.2,docker.io/bitnami/postgresql:11.7.0-debian-10-r86
21f231dde5d27f6d4a5c554975a1da23c79e5dd6,8.9.3,docker.io/bitnami/postgresql:11.7.0-debian-10-r87
09ba1564fed3df4f1d94518edcb58aab1f75c827,8.9.4,docker.io/bitnami/postgresql:11.7.0-debian-10-r90
3cfdf688400451e6b5b7b4e26d2368f0630f8a18,8.9.5,docker.io/bitnami/postgresql:11.7.0-debian-10-r98
588868581ccd4cfcbf988b15a37dc475625859ac,8.9.6,docker.io/bitnami/postgresql:11.7.0-debian-10-r99
a78d81910a07a95bfd217c835afc0cf6f8b45842,8.9.7,docker.io/bitnami/postgresql:11.8.0-debian-10-r0
33517f8cdd410b46a17d18810d79fdcfd7998ac7,8.9.8,docker.io/bitnami/postgresql:11.8.0-debian-10-r1
c7751eb5764e468e1854b58a1b8491d2b13e0a4a,8.9.8,docker.io/bitnami/postgresql:11.8.0-debian-10-r1
90a6422006aee423dd765a27b2640b082d4648af,8.9.9,docker.io/bitnami/postgresql:11.8.0-debian-10-r4
035148374bc9ed4df64cad0d5536fba14082caa1,8.10.0,docker.io/bitnami/postgresql:11.8.0-debian-10-r5
97038a44b71dbc59b676d2c298275f4d5ce5d614,8.10.0,docker.io/bitnami/postgresql:11.8.0-debian-10-r5
98fb5841594bb1cc081d2b86de97bf36fd445e12,8.10.1,docker.io/bitnami/postgresql:11.8.0-debian-10-r10
b476dcdb0c36e3f4add4e9056598c52f2ae54366,8.10.2,docker.io/bitnami/postgresql:11.8.0-debian-10-r11
56b036c389918d59ee046c5470aef3115043884d,8.10.3,docker.io/bitnami/postgresql:11.8.0-debian-10-r13
1ca7dd4cd044e13596a61e4b755d64c6579031e3,8.10.4,docker.io/bitnami/postgresql:11.8.0-debian-10-r14
dac5aab0c3fda86f54d43011a6b4df045c774406,8.10.5,docker.io/bitnami/postgresql:11.8.0-debian-10-r19
c315cb078a4cef97ff53cf2066b34add3f2926ba,8.10.5,docker.io/bitnami/postgresql:11.8.0-debian-10-r19
4cff6ba8b0013b6dc368a1e7986c393e8447e75b,8.10.5,docker.io/bitnami/postgresql:11.8.0-debian-10-r19
f9cb0102f1e03d9ee7f09dbb65e9d7cdc25f84fe,8.10.6,docker.io/bitnami/postgresql:11.8.0-debian-10-r33
abc14b569ad564ff871b7a949a6e5d9857f51c7d,8.10.7,docker.io/bitnami/postgresql:11.8.0-debian-10-r39
a36d4559153e37acede590ec6d4edf82088714f2,8.10.8,docker.io/bitnami/postgresql:11.8.0-debian-10-r41
d133baf1eee5a12518d8b1bf35c3ed1461d1cd47,8.10.9,docker.io/bitnami/postgresql:11.8.0-debian-10-r41
cbde80c9146aedacbced192e51d702867965c3df,8.10.10,docker.io/bitnami/postgresql:11.8.0-debian-10-r44
5c5bcf9b5e05e3184d7db0a7c2d7ee8a8d81b091,8.10.11,docker.io/bitnami/postgresql:11.8.0-debian-10-r48
0d46f5d893e9f4b7cc358247de8b8ffd92c1815a,8.10.12,docker.io/bitnami/postgresql:11.8.0-debian-10-r48
8d6dcd5cbd43c1cc8f338df14cbe2dc6da7c456d,8.10.13,docker.io/bitnami/postgresql:11.8.0-debian-10-r51
18f80142d0eb5783d8cbe38010bdc10ec9b3c77d,8.10.14,docker.io/bitnami/postgresql:11.8.0-debian-10-r57
63bde066b87a140fab52264d0522401ab3d63509,8.10.14,docker.io/bitnami/postgresql:11.8.0-debian-10-r57
693e7656d1d204789f4b7dcf8b76bb13908a6d95,9.0.0,docker.io/bitnami/postgresql:11.8.0-debian-10-r57
6c855ffb409f36c114f8ee680e10a130efc55906,9.1.0,docker.io/bitnami/postgresql:11.8.0-debian-10-r57
92ad3e746e1ff844c7e6fdd688ad08d13aeeb88a,9.1.1,docker.io/bitnami/postgresql:11.8.0-debian-10-r61
0f4eab37927f187cafee8cff85f23df250bdd9bf,9.1.2,docker.io/bitnami/postgresql:11.8.0-debian-10-r72
3d7ab406fecd64f1af25f53e7d27f03ec95b29a4,9.1.2,docker.io/bitnami/postgresql:11.8.0-debian-10-r72
c093a61d8c9052aa8709c2172047768e41a1816d,9.1.2,docker.io/bitnami/postgresql:11.8.0-debian-10-r72
ffb62639f26467adea44db70ca5d87f950079b00,9.1.3,docker.io/bitnami/postgresql:11.8.0-debian-10-r75
47b3f22873a2e622442ae7962d19a07b74b5de91,9.1.4,docker.io/bitnami/postgresql:11.8.0-debian-10-r76
079f5bd6ec59bb058216d6a931449b895517c789,9.2.0,docker.io/bitnami/postgresql:11.8.0-debian-10-r76
61e3273b0e0c1b69c32ae3080d209ecadeb4704b,9.2.1,docker.io/bitnami/postgresql:11.9.0-debian-10-r0
b27b99d1f605720e14ac1daac429f42d84266cca,9.3.0,docker.io/bitnami/postgresql:11.9.0-debian-10-r0
e64df12d1fdce559915900c1699f0ea6fbe51cf1,9.3.1,docker.io/bitnami/postgresql:11.9.0-debian-10-r0
4f8c352b05cd73315d859563d496c13f9a636a3c,9.3.2,docker.io/bitnami/postgresql:11.9.0-debian-10-r1
3910de7325317b752e1c2e46456fbdaa765cb50b,9.3.3,docker.io/bitnami/postgresql:11.9.0-debian-10-r1
e7c2b1d6238613de9d8e3c65863a2fb1b726db30,9.3.4,docker.io/bitnami/postgresql:11.9.0-debian-10-r1
b481f633efc8c879eacaf2b31b4136719f58baf1,9.4.0,docker.io/bitnami/postgresql:11.9.0-debian-10-r1
1ed12f96af75322b46afdb2b3d9907c11b13f765,9.4.0,docker.io/bitnami/postgresql:11.9.0-debian-10-r1
730e66f789ad7b05c856bbbab623bd4867c39c28,9.4.1,docker.io/bitnami/postgresql:11.9.0-debian-10-r16
49a39d6c6a051cfc13f92ee01980e25925b98207,9.5.0,docker.io/bitnami/postgresql:11.9.0-debian-10-r16
f193e43f1e78ab3a161aacbda57cb329ff2b2d2e,9.6.0,docker.io/bitnami/postgresql:11.9.0-debian-10-r26
a729b97926033bb3efabd7094d7daf4af2f0caea,9.7.0,docker.io/bitnami/postgresql:11.9.0-debian-10-r26
15176687345d93632a1e16753b0cd2fb52c35868,9.7.1,docker.io/bitnami/postgresql:11.9.0-debian-10-r26
af4ae62ab7f8d0ce1c0380cdd86a0933265c1de0,9.7.1,docker.io/bitnami/postgresql:11.9.0-debian-10-r26
c45bc6fb26f348fd0a0530c13e4d9fb6d4ac0cc8,9.7.2,docker.io/bitnami/postgresql:11.9.0-debian-10-r34
03f324b9f565f779bb1519c1562c9a0cca546bc1,9.7.3,docker.io/bitnami/postgresql:11.9.0-debian-10-r34
a933a38ec1c6fe5e3d019037e1bc7a33566774de,9.7.4,docker.io/bitnami/postgresql:11.9.0-debian-10-r34
204d41df2b0afca494b7cc88bbcb5ba82c0772a8,9.8.0,docker.io/bitnami/postgresql:11.9.0-debian-10-r34
cc9375d7ff64a2e39504bd27aecc7c5ce86171dd,9.8.1,docker.io/bitnami/postgresql:11.9.0-debian-10-r41
64cb5fd8d5b6ca66e1e9e16e0463af4a1ace65c6,9.8.2,docker.io/bitnami/postgresql:11.9.0-debian-10-r48
b5c34a1ed8e223ddb2ce5cd8fb7a0a0a02a9bf11,9.8.3,docker.io/bitnami/postgresql:11.9.0-debian-10-r48
46039b39746bbcb6703210e7d0a911fb00349403,9.8.4,docker.io/bitnami/postgresql:11.9.0-debian-10-r48
6b8c1910bf5ee28af62733a66f9940c518ff5599,9.8.5,docker.io/bitnami/postgresql:11.9.0-debian-10-r48
05eae0696de0032b2a8de103240044deec556367,9.8.6,docker.io/bitnami/postgresql:11.9.0-debian-10-r48
a92fbbe145af870c421fb58b7d592453a215f075,9.8.7,docker.io/bitnami/postgresql:11.9.0-debian-10-r48
c08a20e3db004215383004ff023a73fcc2522e72,9.8.7,docker.io/bitnami/postgresql:11.9.0-debian-10-r48
b3a95b701b611ab51924ae5665bcc8cd5ac56898,9.8.8,docker.io/bitnami/postgresql:11.9.0-debian-10-r48
ea13243ea6c7f714573f3b3699851c8a648b964d,9.8.9,docker.io/bitnami/postgresql:11.9.0-debian-10-r48
3c992aa1e4c7fb43d9cead2f35c69fe6cb4fbee0,9.8.10,docker.io/bitnami/postgresql:11.9.0-debian-10-r73
2eec409666ce1f855442931618386ab01bc6825e,9.8.11,docker.io/bitnami/postgresql:11.9.0-debian-10-r73
a13c592efc0a33ba2339668d5b262fa27d50754f,9.8.12,docker.io/bitnami/postgresql:11.10.0-debian-10-r0
fd890aad247b7ad54b4c2c29534c3d8565b0b7cf,9.8.13,docker.io/bitnami/postgresql:11.10.0-debian-10-r2
7eabc85fd4fae43127228a22829c7ce3fe85c389,10.0.0,docker.io/bitnami/postgresql:11.10.0-debian-10-r2
323a092de78916e92cf3350439388f9efd5907b9,10.0.1,docker.io/bitnami/postgresql:11.10.0-debian-10-r6
2006fdf85007818b571f59271751b0b8ac2dab9c,10.0.1,docker.io/bitnami/postgresql:11.10.0-debian-10-r6
cf49c8a184ef299e2b6b4587c2d6982a0c0aa9f3,10.0.2,docker.io/bitnami/postgresql:11.10.0-debian-10-r6
e383a6e3286c6202f3a09618fb5584b69a8ee98d,10.1.0,docker.io/bitnami/postgresql:11.10.0-debian-10-r9
e0c026c74b1efa60fa7b142be5e877e5b200c869,10.1.1,docker.io/bitnami/postgresql:11.10.0-debian-10-r9
10bd8e1fbbe69461a5d90ba61562f72b526c9caf,10.1.1,docker.io/bitnami/postgresql:11.10.0-debian-10-r9
494e84ed462576b56b403c46895fdad0f7c49f3e,10.1.2,docker.io/bitnami/postgresql:11.10.0-debian-10-r21
94676b392f4e69bde9035c96813b46c94519edcd,10.1.3,docker.io/bitnami/postgresql:11.10.0-debian-10-r24
2826c125b42505f28431301e3c1bbe5366e47a01,10.1.4,docker.io/bitnami/postgresql:11.10.0-debian-10-r24
49adc63b672da976c55af2e077aa5648a357b77f,10.1.4,docker.io/bitnami/postgresql:11.10.0-debian-10-r24
52a2c99a89018659f18b774585bb10954625a215,10.2.0,docker.io/bitnami/postgresql:11.10.0-debian-10-r24
2c96f0c948ea540805c73d1c546962bbb332b41b,10.2.0,docker.io/bitnami/postgresql:11.10.0-debian-10-r24
2fe0b09089575626076f3c576107e4e647c5cdc5,10.2.0,docker.io/bitnami/postgresql:11.10.0-debian-10-r24
ed749c08894dd3bb76c3465a9e2c0d331c8f878d,10.2.1,docker.io/bitnami/postgresql:11.10.0-debian-10-r52
38c8044cbb9d0f018dbc387ea5a5c1db767fe5b6,10.2.1,docker.io/bitnami/postgresql:11.10.0-debian-10-r52
49f9f9f8599b9538eb6e10b6b094a33147ef5400,10.2.2,docker.io/bitnami/postgresql:11.10.0-debian-10-r60
c5e67a388743cbee28439d2cabca27884b9daf97,10.2.2,docker.io/bitnami/postgresql:11.10.0-debian-10-r60
131711cfbe51c6f5e5458bcf48d6016580fa45c1,10.2.3,docker.io/bitnami/postgresql:11.10.0-debian-10-r60
09249d3ebf1ca5cd469c1a4e6bc638b0bd972669,10.2.4,docker.io/bitnami/postgresql:11.10.0-debian-10-r60
0462921418ca8d54308b7466197a6d53ffae4628,10.2.5,docker.io/bitnami/postgresql:11.10.0-debian-10-r60
fc694c50956582881cf176c1b9bbd733257d51b1,10.2.6,docker.io/bitnami/postgresql:11.10.0-debian-10-r60
43837127490b64aebde833fcc9f32854c0280195,10.2.7,docker.io/bitnami/postgresql:11.10.0-debian-10-r79
bc4c881832c1bc4554bd50eac71c19653a77755b,10.2.8,docker.io/bitnami/postgresql:11.10.0-debian-10-r83
5f095734f92555dec7cd0e3ee961f315eac170ff,10.2.8,docker.io/bitnami/postgresql:11.10.0-debian-10-r83
bc9ad41dfc5cf864c2f3d90a206c54c4268f0311,10.3.0,docker.io/bitnami/postgresql:11.10.0-debian-10-r83
4373a9a42a16885b0057027055ba218d3519f92b,10.3.0,docker.io/bitnami/postgresql:11.10.0-debian-10-r83
c2bb81e86ad47c19c817f6c3d1102fd8e1712ac0,10.3.1,docker.io/bitnami/postgresql:11.11.0-debian-10-r0
a334a133ba60a3536d33b2de1ecc3df466be07f4,10.3.2,docker.io/bitnami/postgresql:11.11.0-debian-10-r0
b10f2aa22c5bc495644a9ee33d61c43f08ffec41,10.3.3,docker.io/bitnami/postgresql:11.11.0-debian-10-r8
02d06a07cd14368661fde88eecf54670c13860ae,10.3.4,docker.io/bitnami/postgresql:11.11.0-debian-10-r9
71fb99f541e971b1daafaa20ffb7d18b153b8d60,10.3.5,docker.io/bitnami/postgresql:11.11.0-debian-10-r9
078cc977304997a848e51cbc0b71140047e43dae,10.3.6,docker.io/bitnami/postgresql:11.11.0-debian-10-r14
a69d08a310d84d0fd7a2987147061f21aaf3a383,10.3.7,docker.io/bitnami/postgresql:11.11.0-debian-10-r16
db08f68c1b39bb5cad3175ca99d9629c8d257541,10.3.8,docker.io/bitnami/postgresql:11.11.0-debian-10-r16
99d7551caf71404931f5a2f56632d4ed98556528,10.3.9,docker.io/bitnami/postgresql:11.11.0-debian-10-r22
870bc4dba1fc3aa55dd157da6687b25e8d352206,10.3.10,docker.io/bitnami/postgresql:11.11.0-debian-10-r22
cb37a0ec21dc56a32fb7929b1a793a5047e4dc9c,10.3.11,docker.io/bitnami/postgresql:11.11.0-debian-10-r24
daa0007ab28793e26cf52ca031a219d3eb0a27ad,10.3.12,docker.io/bitnami/postgresql:11.11.0-debian-10-r30
0391090fe16c1c9b80300bd5c24c76b52bcfc169,10.3.13,docker.io/bitnami/postgresql:11.11.0-debian-10-r31
40075c7cee5651b2b845386e42cd2306ae625294,10.3.14,docker.io/bitnami/postgresql:11.11.0-debian-10-r50
c572e0be84818e5949b8ab4f17839fb2c5b77818,10.3.14,docker.io/bitnami/postgresql:11.11.0-debian-10-r50
4085304b25c78ac2d715a58245aa13be598915ac,10.3.15,docker.io/bitnami/postgresql:11.11.0-debian-10-r54
0c80da716f6bc1d8f849429fc79302d71bb70e93,10.3.16,docker.io/bitnami/postgresql:11.11.0-debian-10-r60
4c72712f8d0c79ca3b573c87b993bfe80fc99b01,10.3.17,docker.io/bitnami/postgresql:11.11.0-debian-10-r62
31a3beff085d30c227bfce42b015446fc723dc3b,10.3.18,docker.io/bitnami/postgresql:11.11.0-debian-10-r71
1dbd2a203831610986e4998f34e8149cc069bf9b,10.4.0,docker.io/bitnami/postgresql:11.11.0-debian-10-r71
157448a146eacd26af48ace16142c5b13626f258,10.4.1,docker.io/bitnami/postgresql:11.11.0-debian-10-r82
b23c573bf9ae0a486378dbb96b6b0b0ac6765588,10.4.2,docker.io/bitnami/postgresql:11.11.0-debian-10-r84
03f82282ab4e85218b91773601f53b10643c6740,10.4.3,docker.io/bitnami/postgresql:11.11.0-debian-10-r86
ff6296dd46149df3e8fe9373f8a827ee56ba4b8b,10.4.4,docker.io/bitnami/postgresql:11.12.0-debian-10-r0
091d4c927a0cfa2d24a79096c0ec92165d348661,10.4.5,docker.io/bitnami/postgresql:11.12.0-debian-10-r1
14c777ec1cb990b73236584fb81f502fc6e7fc11,10.4.6,docker.io/bitnami/postgresql:11.12.0-debian-10-r5
86aeb2c8991b3d38d01ec8463c15d44140ba48d2,10.4.7,docker.io/bitnami/postgresql:11.12.0-debian-10-r10
bd13ba8ae4be246afe91fe20271fc870309cbd39,10.4.8,docker.io/bitnami/postgresql:11.12.0-debian-10-r13
36ab336cfd41c5c9e240c9b0d4a762e805dacdbf,10.4.9,docker.io/bitnami/postgresql:11.12.0-debian-10-r20
8671e25bde8a63aa8b940fa582a1d8bc7fc0a69c,10.4.10,docker.io/bitnami/postgresql:11.12.0-debian-10-r23
112db1c509fcd74623fd8f25c61c660a5918564d,10.5.0,docker.io/bitnami/postgresql:11.12.0-debian-10-r23
859c5bfbf1895d13604b12af9bd31f1190316b95,10.5.1,docker.io/bitnami/postgresql:11.12.0-debian-10-r38
d7e126c4531a880a1cbc69e408c02ef5774ed127,10.5.2,docker.io/bitnami/postgresql:11.12.0-debian-10-r44
49f0bed317d6ed15dd2115327d74565ec6344b87,10.5.3,docker.io/bitnami/postgresql:11.12.0-debian-10-r44
3a6043706e2a2bf0cd4101aac2b84392a221a910,10.6.0,docker.io/bitnami/postgresql:11.12.0-debian-10-r44
d0957937c764187307b924f600247c2b7afaf536,10.6.1,docker.io/bitnami/postgresql:11.12.0-debian-10-r44
3d76ba751a693961a1054ffcecfa1ebe24e63927,10.7.0,docker.io/bitnami/postgresql:11.12.0-debian-10-r44
c55ff60edaa98c170afa3c4d13cf766c42b4b27f,10.7.1,docker.io/bitnami/postgresql:11.12.0-debian-10-r44
e631584fe4bdb86682c758055935ff54960ea362,10.8.0,docker.io/bitnami/postgresql:11.12.0-debian-10-r44
f1344b0361c5a93bf971d08f0fc64d3c8588cbf9,10.8.0,docker.io/bitnami/postgresql:11.12.0-debian-10-r44
eb3c2916be233280f2226d9cdceb57b08ab4a23b,10.8.0,docker.io/bitnami/postgresql:11.12.0-debian-10-r44
481cc7edf7b3f1fe9f1c6ccd8c83ee38fe72423a,10.9.0,docker.io/bitnami/postgresql:11.12.0-debian-10-r44
95fa5aecd4b9563ceffb4e360ff9ac317f7b3957,10.9.1,docker.io/bitnami/postgresql:11.12.0-debian-10-r70
6c107e835d6caf8db2e8b17dcd48c5971637e013,10.9.1,docker.io/bitnami/postgresql:11.12.0-debian-10-r70
c0cf4780b0c7105bcc434cf8434c37f46aa79368,10.9.2,docker.io/bitnami/postgresql:11.13.0-debian-10-r0
a133bed2b4524e3b0cdec19413e089e4fbb12013,10.9.3,docker.io/bitnami/postgresql:11.13.0-debian-10-r0
6c9124f79491aa65f53a87c1ed598b47ffa8b411,10.9.3,docker.io/bitnami/postgresql:11.13.0-debian-10-r0
7cbc202ea0e6be502fc3694aa9877c0ae5acef69,10.9.4,docker.io/bitnami/postgresql:11.13.0-debian-10-r12
da2513bf0a33819f3b1151d387c631a9ffdb03e2,10.9.4,docker.io/bitnami/postgresql:11.13.0-debian-10-r12
94b8fdceddb2eb89e7321c650b67bcb7e44bf31e,10.9.5,docker.io/bitnami/postgresql:11.13.0-debian-10-r25
c01cbe5e3bfe8a5f8545107f9c8d99a58d0e6832,10.9.5,docker.io/bitnami/postgresql:11.13.0-debian-10-r25
c8142cdfe0c2ff82344560572c69c894b51877ec,10.9.6,docker.io/bitnami/postgresql:11.13.0-debian-10-r33
553182ee27e2a3c8eb20b1ebd641746ba1b4718f,10.10.0,docker.io/bitnami/postgresql:11.13.0-debian-10-r33
ede16d7ad0f6a797027eba3e2bf8a33e243c7451,10.10.1,docker.io/bitnami/postgresql:11.13.0-debian-10-r33
003a0fbaedeb775c546b8d8452b7a5ab0a63af52,10.10.1,docker.io/bitnami/postgresql:11.13.0-debian-10-r33
edba74c8eea45afef180aa513d220880d7646229,10.10.2,docker.io/bitnami/postgresql:11.13.0-debian-10-r40
79eac4490bf5d0abe582920d9662a892c9666870,10.10.2,docker.io/bitnami/postgresql:11.13.0-debian-10-r40
e5ab2e6ecdd6bce800863f154cda524ff9f6c117,10.10.2,docker.io/bitnami/postgresql:11.13.0-debian-10-r40
c4c408257cfad5bdfb394cb97d86ca23b02c04ec,10.10.3,docker.io/bitnami/postgresql:11.13.0-debian-10-r40
557bfe931aedaa14944c1a7805f76f83683ad448,10.11.0,docker.io/bitnami/postgresql:11.13.0-debian-10-r40
e3a8529be0fb7b3269e0105f2571d3b850891aa5,10.12.0,docker.io/bitnami/postgresql:11.13.0-debian-10-r40
76ceb2c61edd1ba8f6531f8470a5a6ef5763b952,10.12.1,docker.io/bitnami/postgresql:11.13.0-debian-10-r40
aaa314fd3a7b8c7c94dc51fc96292b283cad084a,10.12.2,docker.io/bitnami/postgresql:11.13.0-debian-10-r40
7671c64ad9e7553b5ec8ce5383e0d2c153e2692d,10.12.3,docker.io/bitnami/postgresql:11.13.0-debian-10-r58
194a909268377a6820d91f788c0380f427637ce6,10.12.3,docker.io/bitnami/postgresql:11.13.0-debian-10-r58
b30ed79c67750b9d74de1fcb30ba0b51508d5035,10.12.4,docker.io/bitnami/postgresql:11.13.0-debian-10-r60
dd2587368d006bcca6149be74d846752a15344b9,10.12.4,docker.io/bitnami/postgresql:11.13.0-debian-10-r60
9711a33c6eec72ea79143c4b7574dbe6a148d6b2,10.12.5,docker.io/bitnami/postgresql:11.13.0-debian-10-r60
0c8b19d37f77555672d689fc661cb6a6a869b33c,10.12.6,docker.io/bitnami/postgresql:11.13.0-debian-10-r67
73cabea54a941d2239accd98e8df6cbfc9fa8d3c,10.12.6,docker.io/bitnami/postgresql:11.13.0-debian-10-r67
a6751cdd33c461fabbc459fbea6f219ec64ab6b2,10.12.7,docker.io/bitnami/postgresql:11.13.0-debian-10-r67
e2ce1a5dde81b95aec31b4064ccc157a6317a53e,10.12.8,docker.io/bitnami/postgresql:11.13.0-debian-10-r73
412cf6a513cb0c03444a6e7811c6f27193239a10,10.12.8,docker.io/bitnami/postgresql:11.13.0-debian-10-r73
9a5a9f3e1cbdf3dbe8579bd646f064dd13bca683,10.12.8,docker.io/bitnami/postgresql:11.13.0-debian-10-r73
035d926d45526472dbf703ea285ebf491c442c8e,10.12.9,docker.io/bitnami/postgresql:11.13.0-debian-10-r73
e2404c63cc5e72d5dee91e50b4597fd9e0b1ab0c,10.13.0,docker.io/bitnami/postgresql:11.13.0-debian-10-r73
b6fd8cdd69feba13f6ab597a77ede336c71d0c6e,10.13.1,docker.io/bitnami/postgresql:11.13.0-debian-10-r76
dc5ec0562060f78a4235cacb0cc6a4836176cc1b,10.13.2,docker.io/bitnami/postgresql:11.13.0-debian-10-r77
bae6820f1a8f66db0d4b3db41f9780d2559b5ef5,10.13.3,docker.io/bitnami/postgresql:11.13.0-debian-10-r79
43ecac9bd6181c9660dbc46d64ae4b29e1fd3fd3,10.13.4,docker.io/bitnami/postgresql:11.13.0-debian-10-r80
3cefed3ef961fbd7596242b1165bcfa229a9cadb,10.13.4,docker.io/bitnami/postgresql:11.13.0-debian-10-r80
1829119eceba799634b1a8fdf8ff1d204aeec6ac,10.13.5,docker.io/bitnami/postgresql:11.13.0-debian-10-r85
ef52074d5f3dd00218322cd201f83ee55f9dd1e6,10.13.5,docker.io/bitnami/postgresql:11.13.0-debian-10-r85
eec1fd278735575a08cec46b3d6e413600ee698a,10.13.6,docker.io/bitnami/postgresql:11.13.0-debian-10-r88
94d0553d3c1bc1b75dfeba75860f9a89af08e1c3,10.13.6,docker.io/bitnami/postgresql:11.13.0-debian-10-r88
2e175bdba278bf66cc6289775bf99f1c0cbe5fd9,10.13.7,docker.io/bitnami/postgresql:11.13.0-debian-10-r89
14b89eadad5eaf515b99c0392eb9461fff50f4a1,10.13.7,docker.io/bitnami/postgresql:11.13.0-debian-10-r89
e732946e9eb36b559a34b0e743b00428f787efa4,10.13.8,docker.io/bitnami/postgresql:11.14.0-debian-10-r0
e6f742cb88c330952cb52da038db61537ec921e5,10.13.8,docker.io/bitnami/postgresql:11.14.0-debian-10-r0
eafb5bd5a2cc3aaf04fc1e8ebedd73f420d76864,10.13.9,docker.io/bitnami/postgresql:11.14.0-debian-10-r0
197a5ba6c8a24e3e55442fdeb2b0015820567887,10.13.10,docker.io/bitnami/postgresql:11.14.0-debian-10-r17
a7b2fde18677dc56ba5f88947d1356df448fb929,10.13.10,docker.io/bitnami/postgresql:11.14.0-debian-10-r17
d7d52acdbd1b0629e4e5295652fa6f5830daf2af,10.13.11,docker.io/bitnami/postgresql:11.14.0-debian-10-r17
0404b1aa52a4514eee06143a7ce85307f16af6d3,10.13.12,docker.io/bitnami/postgresql:11.14.0-debian-10-r17
b547831b784a0ad6eff71113381eadcb3e3feada,10.13.13,docker.io/bitnami/postgresql:11.14.0-debian-10-r17
73ae0077e72ed97fb3cb2d56a70cf79d3246d840,10.13.14,docker.io/bitnami/postgresql:11.14.0-debian-10-r17
00fbcf147124654d452de42235ac407830903f7e,10.13.15,docker.io/bitnami/postgresql:11.14.0-debian-10-r17
9d6fbea190ce1e49a9f846485f73ca8f533d4a1e,10.14.0,docker.io/bitnami/postgresql:11.14.0-debian-10-r17
a6a4cd17acc32cb27ba562b0b6da273e33e454db,10.14.1,docker.io/bitnami/postgresql:11.14.0-debian-10-r17
4b05bb59f3f3bbd3d43cf24fee30669a1e839633,10.14.2,docker.io/bitnami/postgresql:11.14.0-debian-10-r18
b87c2f7899d48a8b02c506765e6ae82937e9ba3f,10.14.2,docker.io/bitnami/postgresql:11.14.0-debian-10-r18
32fb238e60a0affc6debd3142eaa3c3d9089ec2a,10.14.2,docker.io/bitnami/postgresql:11.14.0-debian-10-r18
05f763372501d596e57db713dd53ff4ff3027cc4,10.14.2,docker.io/bitnami/postgresql:11.14.0-debian-10-r18
9f7ac81da075932c057a406970154f73bbdd33cd,10.14.3,docker.io/bitnami/postgresql:11.14.0-debian-10-r21
ad7ac9598a7530aef274eafbd0e6215a8035d8bb,10.14.4,docker.io/bitnami/postgresql:11.14.0-debian-10-r22
8cad18aed9966a6f0208e5ad6cee46cb217f47ab,10.15.0,docker.io/bitnami/postgresql:11.14.0-debian-10-r22
2efb970db54f5beb2c3b7872b2a8120823bb94d8,10.15.1,docker.io/bitnami/postgresql:11.14.0-debian-10-r24
66f657dc3b707183265411e0014c823c7bd29a6a,10.15.1,docker.io/bitnami/postgresql:11.14.0-debian-10-r24
f5c23f6a5379f3e3932c8cdc2c93a73505b41bc9,10.15.2,docker.io/bitnami/postgresql:11.14.0-debian-10-r28
e73f9a7fecd24cf1a3e729ae08dc84bf45a1c1b8,10.16.0,docker.io/bitnami/postgresql:11.14.0-debian-10-r28
c7ad959e30d5408d6bffb1f7d910fcf9ad7bbf5c,10.16.1,docker.io/bitnami/postgresql:11.14.0-debian-10-r28
78d193831c900d178198491ffd08fa2217a64ecd,10.16.1,docker.io/bitnami/postgresql:11.14.0-debian-10-r28
b9a953337590eb2979453385874a267bacf50936,10.16.1,docker.io/bitnami/postgresql:11.14.0-debian-10-r28
8d740c566cfdb7e2d933c40128b4e919fce953a5,10.16.2,docker.io/bitnami/postgresql:11.14.0-debian-10-r28
2710baea1eb548209e9f97627f632987be5f5daf,10.16.3,docker.io/bitnami/postgresql:11.14.0-debian-10-r49
50946fdff3d90522d0b87012f8b9bb73c4b6f12c,11.0.0,docker.io/bitnami/postgresql:14.1.0-debian-10-r80
7e844257efb97c38342b0609a1dfa22e4b425681,11.0.0,docker.io/bitnami/postgresql:14.1.0-debian-10-r80
8dc89066cfa0c09dd3c40d9c1d04af6935290e71,11.0.1,docker.io/bitnami/postgresql:14.1.0-debian-10-r80
86646ba72950ce27a37f279af86181e27ebb1602,11.0.2,docker.io/bitnami/postgresql:14.1.0-debian-10-r80
6ffd18fbbdf10e94ea1a90cf5b84ef610ac2a72d,11.0.2,docker.io/bitnami/postgresql:14.1.0-debian-10-r80
c75fef792fbf53799c74094db0ae1f14f05bb6c7,11.0.3,docker.io/bitnami/postgresql:14.1.0-debian-10-r80
6fd13e208b3d89006fe53b9d6a0199cce3bacff6,11.0.4,docker.io/bitnami/postgresql:14.1.0-debian-10-r80
6cb95dbe1632086be534df37d0ed707108921007,11.0.5,docker.io/bitnami/postgresql:14.1.0-debian-10-r80
1b4eac8d71a917cb0016079a0760b52dc81fea3e,11.0.6,docker.io/bitnami/postgresql:14.1.0-debian-10-r80
b0c3bfdf2ecd2ea00a43e7bbae649bdceed6a457,11.0.7,docker.io/bitnami/postgresql:14.1.0-debian-10-r80
49fcd78c73f1723122a508c696983a6985129f28,11.0.7,docker.io/bitnami/postgresql:14.1.0-debian-10-r80
a71f52577ec75aa76639317b9948915d7be0c7b5,11.0.8,docker.io/bitnami/postgresql:14.1.0-debian-10-r80
2f7d7dce791fc810149d1bffb9fab66408d31a00,11.1.0,docker.io/bitnami/postgresql:14.1.0-debian-10-r80
60388c2b2b8c15459d0437facb7b8b61d66468ab,11.1.1,docker.io/bitnami/postgresql:14.2.0-debian-10-r9
f547c0a0394cd4fe64669eeb154b8ea9987bd394,11.1.1,docker.io/bitnami/postgresql:14.2.0-debian-10-r9
61501b4ecfd97ce7e7e40e82aeb2f4c7608b9ee8,11.1.2,docker.io/bitnami/postgresql:14.2.0-debian-10-r13
63264c97c4f9ae4f4628a5f3fb6078b225460731,11.1.3,docker.io/bitnami/postgresql:14.2.0-debian-10-r14
8d9ca8b28ed6bfa720ac67046b0fa919ecb2f6c9,11.1.4,docker.io/bitnami/postgresql:14.2.0-debian-10-r22
2e9e8bb0651ec21975c8485c4e4bc74f356fee68,11.1.5,docker.io/bitnami/postgresql:14.2.0-debian-10-r25
d7fb42751ab1a8d297151615d65b52c1d0435bb6,11.1.6,docker.io/bitnami/postgresql:14.2.0-debian-10-r25
027d9a0d9dabc3d81606c75ab33682128a677614,11.1.7,docker.io/bitnami/postgresql:14.2.0-debian-10-r31
bcfe8d0ddcbf5ce68a0970937636fded5558076d,11.1.8,docker.io/bitnami/postgresql:14.2.0-debian-10-r33
dcc33b44504923e31ddc37ad63416b37fb42be89,11.1.9,docker.io/bitnami/postgresql:14.2.0-debian-10-r35
077c6b3ff633a5312042865aad46df8675a7f3fd,11.1.10,docker.io/bitnami/postgresql:14.2.0-debian-10-r43
f288cf20f54457caff538bf8471e8b91d0f0ecc8,11.1.11,docker.io/bitnami/postgresql:14.2.0-debian-10-r44
44c70b3f63b0245f898a8e0a47ba80d844ae6844,11.1.12,docker.io/bitnami/postgresql:14.2.0-debian-10-r45
b87abf31902fd1d47fbfec8f529628c28f7a33ca,11.1.13,docker.io/bitnami/postgresql:14.2.0-debian-10-r45
6a324084ddd16dcca4abcb41b1e88ab668b71360,11.1.14,docker.io/bitnami/postgresql:14.2.0-debian-10-r49
a1c6668feb628ee2ca711dbf3a6c3e762953d184,11.1.15,docker.io/bitnami/postgresql:14.2.0-debian-10-r50
b0915507f92181ff47461b9fdf4fb09b2e2bc8db,11.1.16,docker.io/bitnami/postgresql:14.2.0-debian-10-r53
b933e9096cd8b9f7308365ee5c5cda32dc16febc,11.1.17,docker.io/bitnami/postgresql:14.2.0-debian-10-r54
515833f739792e8cb32429f1e745cc824ac2d2a5,11.1.18,docker.io/bitnami/postgresql:14.2.0-debian-10-r57
ea7531a64417d23c036f46ac14815fd3f7b13b08,11.1.19,docker.io/bitnami/postgresql:14.2.0-debian-10-r58
f98daf31566ae0feaedc02b433866645bff6ecf3,11.1.20,docker.io/bitnami/postgresql:14.2.0-debian-10-r67
2ffbdfffc8a09af43ddc4be3742e10b7df8719d9,11.1.20,docker.io/bitnami/postgresql:14.2.0-debian-10-r67
634995ace9e20015ea89521716b7f0555204e31e,11.1.21,docker.io/bitnami/postgresql:14.2.0-debian-10-r69
7d3620537e8d9febce9bb90e2b5d148a24ef999a,11.1.22,docker.io/bitnami/postgresql:14.2.0-debian-10-r70
8d9c25b73354573238317934e9698719a1b1e04f,11.1.23,docker.io/bitnami/postgresql:14.2.0-debian-10-r74
2fb5f5a336aa7f4b95733765fe9f21da1dae3e0d,11.1.24,docker.io/bitnami/postgresql:14.2.0-debian-10-r77
1d2fc06106847a8e102e0c1ffb2e15acc967eb34,11.1.25,docker.io/bitnami/postgresql:14.2.0-debian-10-r77
35bc32d88866727a75da8fb31a7c3c46e1e0b091,11.1.26,docker.io/bitnami/postgresql:14.2.0-debian-10-r85
4cab988496de59012efd6760a3c86a50f1128b84,11.1.27,docker.io/bitnami/postgresql:14.2.0-debian-10-r87
b955e3c51f97240eace588e35d05fe7f0b437d68,11.1.28,docker.io/bitnami/postgresql:14.2.0-debian-10-r88
5df30c44dbd1812da8786579ce4a94917d46a6ad,11.1.28,docker.io/bitnami/postgresql:14.2.0-debian-10-r88
b42600d139517314f4ad2c5db89b66f9b5689373,11.1.29,docker.io/bitnami/postgresql:14.3.0-debian-10-r0
50bcacc7d5c1b68ef87280a3387ad5dfe1a40285,11.2.0,docker.io/bitnami/postgresql:14.3.0-debian-10-r0
8b0d74c90503332e5767bcf2dcfc16600ef89197,11.2.1,docker.io/bitnami/postgresql:14.3.0-debian-10-r1
905260a6f76c7a12db4f75d4da474f21ec0a0e95,11.2.1,docker.io/bitnami/postgresql:14.3.0-debian-10-r1
b92c842d9e616c630576fb7ac2ed065a0919a62e,11.2.2,docker.io/bitnami/postgresql:14.3.0-debian-10-r1
8a35afaf2185cf6890a6aec1a0dcbd3abfee204c,11.2.3,docker.io/bitnami/postgresql:14.3.0-debian-10-r4
9ae8afb635b3daf610f7bcf5374d761d8e7210bc,11.2.4,docker.io/bitnami/postgresql:14.3.0-debian-10-r6
fbdd2c9eaa6877468569c6244b389f5ca7033ac2,11.2.5,docker.io/bitnami/postgresql:14.3.0-debian-10-r7
7ab21813ec1e5253ab49751b0ff6371c069a721d,11.2.6,docker.io/bitnami/postgresql:14.3.0-debian-10-r8
2c207c0587d4deb73743cbe8b13629a7144964b9,11.3.0,docker.io/bitnami/postgresql:14.3.0-debian-10-r13
dae498ba73f2b2eb52f6ffed7dc51e7a4d5c4388,11.4.0,docker.io/bitnami/postgresql:14.3.0-debian-10-r13
3f94d3460efef8006e86a44f6a9b892fdc292f12,11.5.0,docker.io/bitnami/postgresql:14.3.0-debian-10-r13
38ecf5af1205a33e3bda7573a8ed90fdb17cddd7,11.5.1,docker.io/bitnami/postgresql:14.3.0-debian-10-r17
099286ae7a87784cf809df0b64ab24f7ff0144c8,11.5.2,docker.io/bitnami/postgresql:14.3.0-debian-10-r17
4bfda622ef6492894cb216510658b6576050a364,11.6.0,docker.io/bitnami/postgresql:14.3.0-debian-10-r17
ff3cf617a1680509b0f3855d17c4ccff7b29a0ff,11.6.1,docker.io/bitnami/postgresql:14.3.0-debian-10-r17
af0ded6edf41291cff72314754cba4d3afdf2fc5,11.6.2,docker.io/bitnami/postgresql:14.3.0-debian-10-r20
540669fa16b4be8a23cdec1d854f2433f92b920f,11.6.3,docker.io/bitnami/postgresql:14.3.0-debian-10-r22
aa2e02363c04babe0527821292d9d91e9c407e16,11.6.4,docker.io/bitnami/postgresql:14.3.0-debian-11-r0
c6a7914361e5aea6016fb45bf4d621edfd111d32,11.6.4,docker.io/bitnami/postgresql:14.3.0-debian-11-r0
85ff7f5062a12852ddeea2359d9f61e2f6da6afd,11.6.5,docker.io/bitnami/postgresql:14.3.0-debian-11-r0
37b811c75cd5ae9e451fed3846f878efb1af1646,11.6.6,docker.io/bitnami/postgresql:14.3.0-debian-11-r3
1012be6183d3a09defdb31d4d85cbaafac590dbe,11.6.7,docker.io/bitnami/postgresql:14.4.0-debian-11-r0
97cfeb4ad05d6f5425b5b6fd5e3c9b1ee779ec48,11.6.8,docker.io/bitnami/postgresql:14.4.0-debian-11-r0
9ce3859b127e7e69a18313cc83ac4e719af28d73,11.6.9,docker.io/bitnami/postgresql:14.4.0-debian-11-r2
2e145c871000c33bcfd1106d88b867c1af29b9db,11.6.10,docker.io/bitnami/postgresql:14.4.0-debian-11-r3
d379a39e6f09ab0f33c50c88f9ccabcbb44eac5c,11.6.11,docker.io/bitnami/postgresql:14.4.0-debian-11-r3
e8f47f9832e77687a61f6c46b17b88a82bacac86,11.6.12,docker.io/bitnami/postgresql:14.4.0-debian-11-r4
69de31ea674f606eae0e9492582007a14e0e13f2,11.6.13,docker.io/bitnami/postgresql:14.4.0-debian-11-r4
7ba5148c8d5d4eaf542fe5277d45fff1a79bdf9d,11.6.14,docker.io/bitnami/postgresql:14.4.0-debian-11-r4
c4033c89bf65b75d85a263ec1c3683faacbdafde,11.6.15,docker.io/bitnami/postgresql:14.4.0-debian-11-r7
73e661a405fc092911e9a5e0fa11e77b7543be4f,11.6.16,docker.io/bitnami/postgresql:14.4.0-debian-11-r9
6de5828bcf59e8521739ff60b297f1d35fe99199,11.6.17,docker.io/bitnami/postgresql:14.4.0-debian-11-r11
cdb4962ff93a28e3aabd5e3bdc560b6e17f6a675,11.6.18,docker.io/bitnami/postgresql:14.4.0-debian-11-r12
9efa5151d7da98090c85f4ec621771434666c871,11.6.19,docker.io/bitnami/postgresql:14.4.0-debian-11-r13
d665af0c708846192d8d5fb2f5f9ea65dd464ab0,11.6.19,docker.io/bitnami/postgresql:14.4.0-debian-11-r13
6d9e5c2eb9834cc7e2a9553ac6b9d9bdae7995bf,11.6.20,docker.io/bitnami/postgresql:14.4.0-debian-11-r18
21cc5f9ab8127da23f271f085a2e8bd916c2cc0f,11.6.21,docker.io/bitnami/postgresql:14.4.0-debian-11-r19
52540e9eae6d5d16fa65cdfa31b34f6825e3d24c,11.6.22,docker.io/bitnami/postgresql:14.4.0-debian-11-r20
651b5813347e670b04fe500e34818c96be1185c9,11.6.23,docker.io/bitnami/postgresql:14.4.0-debian-11-r20
44c6dd3ecff1ace208b47ecb89cd52f8e6d33f9d,11.6.24,docker.io/bitnami/postgresql:14.4.0-debian-11-r21
58137be37febb030a08ce2cefdef4e3f49858ff4,11.6.24,docker.io/bitnami/postgresql:14.4.0-debian-11-r21
4955d1da56b91a686c67b2569324d7ddf9a9e77a,11.6.25,docker.io/bitnami/postgresql:14.4.0-debian-11-r21
5759dab11fd3ccebc4d9d4b10c1c4093caf7d7ef,11.6.26,docker.io/bitnami/postgresql:14.4.0-debian-11-r23
110c42e9c140ca405f2068b89e31a732ae47dda1,11.7.0,docker.io/bitnami/postgresql:14.4.0-debian-11-r23
5149dea3ba38dfd4ab2876619933fb1a5cd23d51,11.7.1,docker.io/bitnami/postgresql:14.5.0-debian-11-r0
d255e13c728cfa9bf7a73673a690586ebea57fd2,11.7.2,docker.io/bitnami/postgresql:14.5.0-debian-11-r2
a3d2ec6f971332d0b2fa98c396006f14a5966e5a,11.7.3,docker.io/bitnami/postgresql:14.5.0-debian-11-r3
c7d6cc718ebe974c0e64a47cfb7fb097bee69940,11.7.4,docker.io/bitnami/postgresql:14.5.0-debian-11-r4
bf274f7dc230d87f313813f4241af7b60a95c4db,11.7.5,docker.io/bitnami/postgresql:14.5.0-debian-11-r5
7e27b348ffacbf5a99ab7c0c9df868c0fa5b6d21,11.7.6,docker.io/bitnami/postgresql:14.5.0-debian-11-r6
65a637dbd26060b4db861fc7093b61d06a29acac,11.8.0,docker.io/bitnami/postgresql:14.5.0-debian-11-r6
b96782b1aa6256549fbb86fb1e4cb4502654c751,11.8.1,docker.io/bitnami/postgresql:14.5.0-debian-11-r6
7dbfe5dcdae9142ecb3be70f8716ac03a0ac2128,11.8.2,docker.io/bitnami/postgresql:14.5.0-debian-11-r13
7745b21d3ff34c01c74b3ea46639393461705b79,11.9.0,docker.io/bitnami/postgresql:14.5.0-debian-11-r13
376814f47edf504b324eb67b1e561516cd8da0f2,11.9.1,docker.io/bitnami/postgresql:14.5.0-debian-11-r14
99ea23d43bfe872aa05d682f492b23379c96425e,11.9.2,docker.io/bitnami/postgresql:14.5.0-debian-11-r14
340dd2a2d4171cd2ba6980f870543dbc63bf75e6,11.9.3,docker.io/bitnami/postgresql:14.5.0-debian-11-r19
1fe59b85a2e68d4254e24060cdbd5e82e66d32cf,11.9.4,docker.io/bitnami/postgresql:14.5.0-debian-11-r20
42ecc41ddbed1696c253642e0606d560bb6e64f1,11.9.5,docker.io/bitnami/postgresql:14.5.0-debian-11-r21
e07416d9247437744f957e279c78d797c7e11ad4,11.9.6,docker.io/bitnami/postgresql:14.5.0-debian-11-r21
3cf6b10e10e60df4b3e191d6b99aa99a9f597755,11.9.6,docker.io/bitnami/postgresql:14.5.0-debian-11-r21
8de3271bad9d9b8869771a37bb5f0667de01d120,11.9.7,docker.io/bitnami/postgresql:14.5.0-debian-11-r21
d3ec8fa952007380c6001c526b027a8bb064cbab,11.9.8,docker.io/bitnami/postgresql:14.5.0-debian-11-r24
a529e02597d49d944eba1eb0f190713293247176,11.9.8,docker.io/bitnami/postgresql:14.5.0-debian-11-r24
d58c9d67299088ceddab2db510826003e16694fc,11.9.9,docker.io/bitnami/postgresql:14.5.0-debian-11-r29
e52f9583a965b5639fa4c6820945a9076d188e40,11.9.10,docker.io/bitnami/postgresql:14.5.0-debian-11-r30
9ac77f4a3268fc56fee5dba39a0b91078d579214,11.9.11,docker.io/bitnami/postgresql:14.5.0-debian-11-r31
b92ee1340ec84aca8e49311ea53dee44cf1c9563,11.9.12,docker.io/bitnami/postgresql:14.5.0-debian-11-r34
c6076945ecc47791d82e545a20ef690dd93ff662,11.9.13,docker.io/bitnami/postgresql:14.5.0-debian-11-r35
cc87b46ad00d7fe06804f8c748a04e60a76361a5,12.0.0,docker.io/bitnami/postgresql:15.0.0-debian-11-r1
a5a7d0eb7592bcae2b59e63b3f13b5f1c925b536,12.0.0,docker.io/bitnami/postgresql:15.0.0-debian-11-r1
d839514d4ea3072a816097493e74cf583d40e3cb,12.0.1,docker.io/bitnami/postgresql:15.0.0-debian-11-r3
a4f111f8678ad45f06eaf40d4c4e0463504f2482,12.1.0,docker.io/bitnami/postgresql:15.0.0-debian-11-r3
4ca827c18c9a523eb753e223dca8e8d4e74c5226,12.1.0,docker.io/bitnami/postgresql:15.0.0-debian-11-r3
1ddbe4a678046139e3ab3e44dba5212d12328c60,12.1.1,docker.io/bitnami/postgresql:15.0.0-debian-11-r7
4f6fd65db07d81f7d70c7573c7989688ae38d574,12.1.2,docker.io/bitnami/postgresql:15.1.0-debian-11-r0
a327cfaa92137e8504ffc3ecdbcbda5cc98dc997,12.1.3,docker.io/bitnami/postgresql:15.1.0-debian-11-r7
c053dea48990418b5f143390ff00c540d4d80ebc,12.1.4,docker.io/bitnami/postgresql:15.1.0-debian-11-r11
a74a2cbaaec2dab3e9fba43b76c380c19d7b7ffd,12.1.5,docker.io/bitnami/postgresql:15.1.0-debian-11-r12
1601a1b831d4c45dbc285ed86c4b83ff52fbeb1f,12.1.6,docker.io/bitnami/postgresql:15.1.0-debian-11-r12
6524f2c5701b93e3f918ef433d1608339ef8b8e7,12.1.7,docker.io/bitnami/postgresql:15.1.0-debian-11-r19
0a70ca94a8e0542bcf0889bb145703898b1e3734,12.1.7,docker.io/bitnami/postgresql:15.1.0-debian-11-r19
9356608e6a8aaec9adcff551b5287b08c4649ee4,12.1.8,docker.io/bitnami/postgresql:15.1.0-debian-11-r19
84b7a8ac34400d05e30d79ff91083eed4253659f,12.1.9,docker.io/bitnami/postgresql:15.1.0-debian-11-r20
da2a7943bae95b6e9b5b4ed972c15e990b69fdb0,12.1.9,docker.io/bitnami/postgresql:15.1.0-debian-11-r20
0ab760862c660fcc78cffadf8e1d8cdd70881473,12.1.9,docker.io/bitnami/postgresql:15.1.0-debian-11-r20
2064fb8dcc78a845cdede8211af8c3cc52551161,12.1.9,docker.io/bitnami/postgresql:15.1.0-debian-11-r20
8b8c516e42712eb976463de8f9cd7146626e98b2,12.1.10,docker.io/bitnami/postgresql:15.1.0-debian-11-r20
bab9d741c5443f6dcb552a746ad7d07140d5cf55,12.1.11,docker.io/bitnami/postgresql:15.1.0-debian-11-r28
b55c70ea72516611db13384a88142b085868584e,12.1.12,docker.io/bitnami/postgresql:15.1.0-debian-11-r30
add4ec701108ac36ed4de2dffbdf407a0d091067,12.1.12,docker.io/bitnami/postgresql:15.1.0-debian-11-r30
5ee97f7cdb647606575d7f8aa0405ecad41ef48f,12.1.13,docker.io/bitnami/postgresql:15.1.0-debian-11-r30
c9c6d2019c7e5f4e46622eddaa838e5983bb08d1,12.1.13,docker.io/bitnami/postgresql:15.1.0-debian-11-r30
02daab3ee027cf4271dfe16d6fa559383d4444d6,12.1.14,docker.io/bitnami/postgresql:15.1.0-debian-11-r31
9334f82858196b21a1c74c40deaf5a907119333f,12.1.15,docker.io/bitnami/postgresql:15.2.0-debian-11-r0
c97c714887380d47eae7bfeff316bf01595ecd1d,12.1.15,docker.io/bitnami/postgresql:15.2.0-debian-11-r0
a51e0e8d35495b907f3e70dd2f8e7c3bcbf4166a,12.1.15,docker.io/bitnami/postgresql:15.2.0-debian-11-r0
68f67081020525f4b757a2f6f3132c8435b94673,12.2.0,docker.io/bitnami/postgresql:15.2.0-debian-11-r0
aa9657237ee8df4a46db0d7fdf8a23230dd6902a,12.2.0,docker.io/bitnami/postgresql:15.2.0-debian-11-r0
727ecd8f026c7752e9ecb8c3596820fc904182a4,12.2.1,docker.io/bitnami/postgresql:15.2.0-debian-11-r2
eeb1faaa45e393f0bc10f2c9093f8c9720f0e6da,12.2.1,docker.io/bitnami/postgresql:15.2.0-debian-11-r2
ceb1e4fefd2cd6363ec12190fe72f79f5252f78b,12.2.2,docker.io/bitnami/postgresql:15.2.0-debian-11-r5
0e29e600d3adc8b1b46e506eccb3decfab3b4e63,12.2.2,docker.io/bitnami/postgresql:15.2.0-debian-11-r5
1b1ddcaac1815709423744fec139374165c6dc2b,12.2.3,docker.io/bitnami/postgresql:15.2.0-debian-11-r11
2b7e88cecfc5d607a7d57c5519624a7d244e59eb,12.2.4,docker.io/bitnami/postgresql:15.2.0-debian-11-r12
71f1ab5bcf8e9fa7f0867b1104d3151bc3d0c662,12.2.5,docker.io/bitnami/postgresql:15.2.0-debian-11-r13
e42e0a158ee42c88a7fcd6cb67d50aa11a32e38e,12.2.6,docker.io/bitnami/postgresql:15.2.0-debian-11-r14
18e9565ed8d1fcc9cd072fc1c5fd2cc7ffbd0b3a,12.2.7,docker.io/bitnami/postgresql:15.2.0-debian-11-r16
8f03decb1ff8c4bf5a7bf0ab40d3844474323d48,12.2.8,docker.io/bitnami/postgresql:15.2.0-debian-11-r21
884151035efcbf2e1b3206e7def85511073fb57d,12.3.0,docker.io/bitnami/postgresql:15.2.0-debian-11-r21
1426b53a4d6bb75d442df177f77daafe93e5b78b,12.3.1,docker.io/bitnami/postgresql:15.2.0-debian-11-r24
d1cbf66dbaebac3ffd5d92a69c88bb00146b280d,12.3.2,docker.io/bitnami/postgresql:15.2.0-debian-11-r25
3a60f4b10d2e02dbf83fcf64906b43edb6725615,12.4.0,docker.io/bitnami/postgresql:15.2.0-debian-11-r25
d6f37c5847c34bbbedb702c262df6dcd1c2f8b62,12.4.1,docker.io/bitnami/postgresql:15.2.0-debian-11-r26
c6daf3d29502dca394284d0a4be1a91827d7f869,12.4.2,docker.io/bitnami/postgresql:15.2.0-debian-11-r26
85c1bf652b5b423bc1e270ba3303f32adb52c368,12.4.3,docker.io/bitnami/postgresql:15.2.0-debian-11-r30
fc9b18f2e98805d4df629acbcde696f44f973344,12.5.0,docker.io/bitnami/postgresql:15.2.0-debian-11-r30
8f2277440b976d52785ba9149762ad8620a73d1f,12.5.0,docker.io/bitnami/postgresql:15.2.0-debian-11-r30
7c233f36112aed3567edf01f69017cd7a428be20,12.5.1,docker.io/bitnami/postgresql:15.3.0-debian-11-r0
901f3b82f4ecbf62ac968c7edfd061016036055a,12.5.1,docker.io/bitnami/postgresql:15.3.0-debian-11-r0
7addf44857481ba673384aa6ad8b5f95a02608ea,12.5.2,docker.io/bitnami/postgresql:15.3.0-debian-11-r0
de9b3a43a8f31a52cff599e46d6ac7db146ccb31,12.5.3,docker.io/bitnami/postgresql:15.3.0-debian-11-r3
d8aae34620d86d9d7aa4a98d260cb8264ca3427e,12.5.4,docker.io/bitnami/postgresql:15.3.0-debian-11-r4
ff3a5e09275e46e53e69ba3127fcd854f6131f31,12.5.5,docker.io/bitnami/postgresql:15.3.0-debian-11-r4
f5e2881a6486cba5dada153af9ec1c2eef5b2607,12.5.5,docker.io/bitnami/postgresql:15.3.0-debian-11-r4
0448ae0ee83f1aca2e4bc4eae484d57c32c053ea,12.5.6,docker.io/bitnami/postgresql:15.3.0-debian-11-r7
5b6a5cfb7625a751848a2e5cd796bd7278f406ca,12.5.6,docker.io/bitnami/postgresql:15.3.0-debian-11-r7
ef986a1605241102b3dcafe9fd8089e6fc1201ad,12.5.6,docker.io/bitnami/postgresql:15.3.0-debian-11-r7
fc26fbd518a5bb0e546144d04e7178a138ccbd5b,12.5.7,docker.io/bitnami/postgresql:15.3.0-debian-11-r7
ffa4eeb0e853fd63fced31d1bd443c6587354f87,12.5.8,docker.io/bitnami/postgresql:15.3.0-debian-11-r7
31b3c0afd968ff4429107e34101f7509e6a0e913,12.5.8,docker.io/bitnami/postgresql:15.3.0-debian-11-r7
da68be8e951225133c7dfb572d5101ca3d61c5ae,12.5.8,docker.io/bitnami/postgresql:15.3.0-debian-11-r7
06ab2db2211d173726ffbe90801481d0591dd7ed,12.5.9,docker.io/bitnami/postgresql:15.3.0-debian-11-r17
f5c4b4e1e1dfc1ce898f3ceb4a9204a0ae78f59a,12.6.0,docker.io/bitnami/postgresql:15.3.0-debian-11-r17
262f4f1d2906226cee8cabb49c8fedf97ecc30e4,12.6.1,docker.io/bitnami/postgresql:15.3.0-debian-11-r17
d6234d8b8921470066e567832660164d84192975,12.6.2,docker.io/bitnami/postgresql:15.3.0-debian-11-r17
dc59153da0c21373c83d9a6eb6b3a2e7373f9fe2,12.6.3,docker.io/bitnami/postgresql:15.3.0-debian-11-r17
afa4649ca1252dd82a250b3b9497575a9744dd0a,12.6.4,docker.io/bitnami/postgresql:15.3.0-debian-11-r17
39b5188af308dc4d9ad777f20c8a4d7f6fb3a539,12.6.5,docker.io/bitnami/postgresql:15.3.0-debian-11-r17
3e6c4816902a5250fa97202590da88c65ffa2a94,12.6.6,docker.io/bitnami/postgresql:15.3.0-debian-11-r24
14d2b9aa78f3c1df413600e6a623215a827c2092,12.6.7,docker.io/bitnami/postgresql:15.3.0-debian-11-r24
3bfcc0812171abc52f11edc32c2d31650a1bbc8c,12.6.8,docker.io/bitnami/postgresql:15.3.0-debian-11-r24
5141c42b918cf812393c29b4978d5330d0bf437f,12.6.9,docker.io/bitnami/postgresql:15.3.0-debian-11-r74
beb65fae1f0aa7828d1d7773665e4cad8933062b,12.7.0,docker.io/bitnami/postgresql:15.3.0-debian-11-r74
a0715163ee9e1c554669783edbecd352e04be396,12.7.1,docker.io/bitnami/postgresql:15.3.0-debian-11-r75
e7acf10e9e9874dc1c9b26b849f47d39db1554d7,12.7.2,docker.io/bitnami/postgresql:15.3.0-debian-11-r75
01862127c7e07b89b2f08bcad9cb593f6ea4dc41,12.7.3,docker.io/bitnami/postgresql:15.3.0-debian-11-r77
56b223b24aea584d0ef8c58ba669baadedee0e75,12.8.0,docker.io/bitnami/postgresql:15.3.0-debian-11-r77
5887a907d3f84ed68760d87e41d0a343c84e12ed,12.8.1,docker.io/bitnami/postgresql:15.3.0-debian-11-r85
f34b599adba104713bb931dd69a8a328df116513,12.8.2,docker.io/bitnami/postgresql:15.4.0-debian-11-r0
6c950c1345fb8023f2cc3287bdcbb1a5daade8f2,12.8.3,docker.io/bitnami/postgresql:15.4.0-debian-11-r5
9748b6929f9297e669b8f53a2ea34fc1d6d86a58,12.8.4,docker.io/bitnami/postgresql:15.4.0-debian-11-r5
85ffc537f5a4979ae7f6c82c0c3a6cfbb3cc22a1,12.8.5,docker.io/bitnami/postgresql:15.4.0-debian-11-r10
bf18e4b271d2281b196c237ff4b3480b9f974426,12.9.0,docker.io/bitnami/postgresql:15.4.0-debian-11-r10
85635f4e81edf49a2ba9baf301656a6e15ed261c,12.10.0,docker.io/bitnami/postgresql:15.4.0-debian-11-r10
8eaef88b982edabba62c4f4aca7ae5e61c152005,12.10.1,docker.io/bitnami/postgresql:15.4.0-debian-11-r10
b46e94e5205bb3f2ec35afc024c34acf8a533afd,12.10.2,docker.io/bitnami/postgresql:15.4.0-debian-11-r10
c1a1349e8bfa5c853798b3f26c470a8255374ecf,12.11.0,docker.io/bitnami/postgresql:15.4.0-debian-11-r10
26ddfc4ef1f294267bce5013c374bf3f5301e70f,12.11.1,docker.io/bitnami/postgresql:15.4.0-debian-11-r10
a2c2090b5ac97f47b745c8028c6452bf99739772,12.11.1,docker.io/bitnami/postgresql:15.4.0-debian-11-r10
3c468cb618180ac21dd6051324569ae8c1525ef3,12.11.2,docker.io/bitnami/postgresql:15.4.0-debian-11-r10
73d80be525c88fb4b8a54451a55acd506e337062,12.11.2,docker.io/bitnami/postgresql:15.4.0-debian-11-r10
9407892e59e1004bd702c03587fb4782c9949e48,12.11.3,docker.io/bitnami/postgresql:15.4.0-debian-11-r34
b6a06cc0c8acfe4fb47d1fe99e7ea6978d10718e,12.11.4,docker.io/bitnami/postgresql:15.4.0-debian-11-r38
7eea12f052ceeb3c8bef32a18e3257bca16eb372,12.12.3,docker.io/bitnami/postgresql:15.4.0-debian-11-r38
f8b45dc5d71d35d2f1822f7040ea4b8cdb3d00fd,12.12.4,docker.io/bitnami/postgresql:15.4.0-debian-11-r39
8edeb93e6917915f6d1d81e745fec0a998e1454a,12.12.5,docker.io/bitnami/postgresql:15.4.0-debian-11-r39
acac1c2f7d937fdef3c19ecb9c0acce279a2f320,12.12.6,docker.io/bitnami/postgresql:15.4.0-debian-11-r41
f8d949156a8beccb9acb0fed17ed6e6cdec23f3f,12.12.7,docker.io/bitnami/postgresql:15.4.0-debian-11-r44
ef790faaa22c5bdd390341f069531719f6987af8,12.12.8,docker.io/bitnami/postgresql:15.4.0-debian-11-r45
29dbf3a630c3666dc803900e353b558a6d78558c,12.12.8,docker.io/bitnami/postgresql:15.4.0-debian-11-r45
70ca4106446fec3f491dc5c87cacf85ece3f11af,12.12.9,docker.io/bitnami/postgresql:15.4.0-debian-11-r45
d278c2b6792e02c5f327e96df4f031cab7bc0819,12.12.10,docker.io/bitnami/postgresql:15.4.0-debian-11-r45
ed70b64a2607bef3cc99bab2b2ac22999d07bdc2,13.0.0,docker.io/bitnami/postgresql:16.0.0-debian-11-r3
cd4442ca2ac454b8fabf528631b9e5d910d3e847,13.0.0,docker.io/bitnami/postgresql:16.0.0-debian-11-r3
5593291a4229e51c166dd63519c7c3d7cc61ca93,13.0.1,docker.io/bitnami/postgresql:16.0.0-debian-11-r3
5ff8ad5f3c754e3c2423d6abf46f522e8abe0410,13.0.2,docker.io/bitnami/postgresql:16.0.0-debian-11-r3
94d976d80446a4b5ff20825b5e6fadc8afe2b978,13.1.0,docker.io/bitnami/postgresql:16.0.0-debian-11-r3
eb755dd36a4dd3cf6635be8e0598f9a7f4c4a554,13.1.0,docker.io/bitnami/postgresql:16.0.0-debian-11-r3
f783262472dff63aa58f0feaf8aa43de4cf17dcd,13.1.1,docker.io/bitnami/postgresql:16.0.0-debian-11-r10
5758fb2b69f411e8ba87e71fd09af1029aa557d9,13.1.2,docker.io/bitnami/postgresql:16.0.0-debian-11-r10
2eb63123658ba817d858ee83a2aa94e3133d75c1,13.1.3,docker.io/bitnami/postgresql:16.0.0-debian-11-r10
477cb8678f87eb34b154585907a9c03fd6be8535,13.1.4,docker.io/bitnami/postgresql:16.0.0-debian-11-r12
0272334cc97897a11866dd07b631a54ba240fcb9,13.1.5,docker.io/bitnami/postgresql:16.0.0-debian-11-r13
af5f7530c1bc8c5ded53a6c4f7b8f384ac1804f2,13.1.5,docker.io/bitnami/postgresql:16.0.0-debian-11-r13
bb9a01b65911c87e48318db922cc05eb42785e42,13.1.5,docker.io/bitnami/postgresql:16.0.0-debian-11-r13
3acc73472beb6fb56c4d99f929061001205bc57e,13.1.5,docker.io/bitnami/postgresql:16.0.0-debian-11-r13
8da833aa06772fc456b71669770b66b3b9b46f9a,13.2.0,docker.io/bitnami/postgresql:16.0.0-debian-11-r13
68bad258cdd695a80e95acdc796dd78b36f4b060,13.2.1,docker.io/bitnami/postgresql:16.0.0-debian-11-r14
9b846d924d7e92f09507df205278a9c8c78a637c,13.2.2,docker.io/bitnami/postgresql:16.0.0-debian-11-r15
0ed5ebfb6b1384f71d667f8fd5e25defa234a9b6,13.2.3,docker.io/bitnami/postgresql:16.0.0-debian-11-r15
435c8afe568f0dbeda81cf1a4219874b8d670e89,13.2.4,docker.io/bitnami/postgresql:16.0.0-debian-11-r16
ca3f6a70982ee387dfd6c782a8dbefa0ad4ebebc,13.2.5,docker.io/bitnami/postgresql:16.1.0-debian-11-r0
a942587d48f1ac368c6d9dd4b3842a7a8f59d699,13.2.6,docker.io/bitnami/postgresql:16.1.0-debian-11-r1
860eb627ff273acea6a48316f779df4ca6436b8a,13.2.7,docker.io/bitnami/postgresql:16.1.0-debian-11-r2
129cbf14077eb53393b08d1ae7a22f2fc6201323,13.2.8,docker.io/bitnami/postgresql:16.1.0-debian-11-r3
02dc5ff8c09a4f232152d4a62a628008866a397c,13.2.9,docker.io/bitnami/postgresql:16.1.0-debian-11-r4
11036334d82df0490aa4abdb591543cab6cf7d7f,13.2.9,docker.io/bitnami/postgresql:16.1.0-debian-11-r4
2b176c0ad026223c86cbd88bfe1fba8895519c51,13.2.10,docker.io/bitnami/postgresql:16.1.0-debian-11-r4
17e4adac62f77d314ebdaf722944b9191aea0a62,13.2.11,docker.io/bitnami/postgresql:16.1.0-debian-11-r6
0cffbfeb281a6c42d507f78f6e53c637527230ac,13.2.12,docker.io/bitnami/postgresql:16.1.0-debian-11-r6
54a372fca8edd8316df8979a6f05d3c9722e6361,13.2.13,docker.io/bitnami/postgresql:16.1.0-debian-11-r8
576be48d9fd20b645b789312348f6956ca979489,13.2.14,docker.io/bitnami/postgresql:16.1.0-debian-11-r9
b82f979e4fb63423fe6e2192c946d09d79c944fc,13.2.14,docker.io/bitnami/postgresql:16.1.0-debian-11-r9
e6ec2c2982653c0ae1ec8a25d3e6bf24a92bb215,13.2.15,docker.io/bitnami/postgresql:16.1.0-debian-11-r9
0ba581cc113264bb252e4c873217732a316ba71f,13.2.15,docker.io/bitnami/postgresql:16.1.0-debian-11-r9
b91e518041dc4fe76b422801406efe7f9a4e4b49,13.2.16,docker.io/bitnami/postgresql:16.1.0-debian-11-r9
e395fd838385ad716cc877d280af797f77146751,13.2.17,docker.io/bitnami/postgresql:16.1.0-debian-11-r9
f4a4548120a4bdd005f4e35787de9af65376c04d,13.2.18,docker.io/bitnami/postgresql:16.1.0-debian-11-r11
a7b72aa0f5f3630750c76c5fc0b83ca8bcfdcd26,13.2.19,docker.io/bitnami/postgresql:16.1.0-debian-11-r11
6de0ade26a13c2aba94103e8132d277a81224bb7,13.2.20,docker.io/bitnami/postgresql:16.1.0-debian-11-r12
46a4f54495d95276785a3b2cd37962ebd0a9be1e,13.2.21,docker.io/bitnami/postgresql:16.1.0-debian-11-r13
f7593033f47e7c8f777913373e4ad79cf4845176,13.2.22,docker.io/bitnami/postgresql:16.1.0-debian-11-r14
c3dc56f3679650f1012e497b8a5e71d94dac163e,13.2.23,docker.io/bitnami/postgresql:16.1.0-debian-11-r15
cee371d10674dc61de5adda4a79f4c9a1e8f85d0,13.2.24,docker.io/bitnami/postgresql:16.1.0-debian-11-r15
813da6b9098ed399551f387ad7c1b3f9fd0dc44e,13.2.25,docker.io/bitnami/postgresql:16.1.0-debian-11-r16
0f0f93b14978c839a51f244a8ce5f9878287fac8,13.2.26,docker.io/bitnami/postgresql:16.1.0-debian-11-r17
26711f8fd8d3aab5700e8267d3c0597034274b3d,13.2.27,docker.io/bitnami/postgresql:16.1.0-debian-11-r18
6c4bf75dec58fc7c9aee9f089777b1a858c17d5b,13.2.27,docker.io/bitnami/postgresql:16.1.0-debian-11-r18
d0f6b90b97537391b6c3cbbc8f8f0da2c9818f2f,13.2.28,docker.io/bitnami/postgresql:16.1.0-debian-11-r19
f35506d2dadee4f097986e7792df1f53ab215b5d,13.2.28,docker.io/bitnami/postgresql:16.1.0-debian-11-r19
2d25138ccdf2f19ce32255722d83d908bdd1cb14,13.2.28,docker.io/bitnami/postgresql:16.1.0-debian-11-r19
dcfb2164d6075edb5336ddafce939d067d6c8810,13.2.29,docker.io/bitnami/postgresql:16.1.0-debian-11-r19
e4fa296106b225cf8c82445727c675c7c725e380,13.2.29,docker.io/bitnami/postgresql:16.1.0-debian-11-r19
1b20745ae73b9a3c85473bda08d54ba2b7dda5d2,13.2.30,docker.io/bitnami/postgresql:16.1.0-debian-11-r19
fe72f51910c589e767b79ec6f2aefe8b11c2c683,13.3.0,docker.io/bitnami/postgresql:16.1.0-debian-11-r19
361f7ab0122fab9016a08505be10436f0bae2584,13.3.1,docker.io/bitnami/postgresql:16.1.0-debian-11-r20
002c752f871c8fa068a770dc80fec4cf798798ab,13.4.0,docker.io/bitnami/postgresql:16.1.0-debian-11-r20
0bb8b48aaeeac00ed421269393965ef3428bbe4a,13.4.1,docker.io/bitnami/postgresql:16.1.0-debian-11-r22
7564f36ca1e95ff30ee686652b7ab8690561a707,13.4.1,docker.io/bitnami/postgresql:16.1.0-debian-11-r22
b119bec99913bfe3a782b70abafd80fe4d29f525,13.4.1,docker.io/bitnami/postgresql:16.1.0-debian-11-r22
6682e9cfcf31d3b42010b35d47c25eea5d29f05c,13.4.2,docker.io/bitnami/postgresql:16.1.0-debian-11-r23
fdc3ad42b565d457a063ab240dcd08b860a53741,13.4.3,docker.io/bitnami/postgresql:16.1.0-debian-11-r24
a87898d5d5d33a60a1ccab904532ef62b6b57171,13.4.4,docker.io/bitnami/postgresql:16.1.0-debian-11-r25
2508c4b3de023afed4645746cff2b548ad68c48e,14.0.0,docker.io/bitnami/postgresql:16.1.0-debian-11-r25
e81bc0c8d51ea35baeaf5e3fca88b80da73fb003,14.0.1,docker.io/bitnami/postgresql:16.1.0-debian-11-r26
7f5a8e60bf2deb3722ddfeadefb67e087c92a5e9,14.0.2,docker.io/bitnami/postgresql:16.1.0-debian-11-r27
60ea84363857fe523d805de75f59ef172e00b1a2,14.0.3,docker.io/bitnami/postgresql:16.2.0-debian-11-r0
81e3d65d94881275fef258f5208bf3174dd5b908,14.0.4,docker.io/bitnami/postgresql:16.2.0-debian-11-r1
e8c2230b05620e2049a30048122cdc3ac2c5fdaf,14.0.5,docker.io/bitnami/postgresql:16.2.0-debian-11-r1
0c94e1516891a7aacd5b2e44f7ee0d421cf05ddc,14.1.0,docker.io/bitnami/postgresql:16.2.0-debian-11-r1
7ef876ceb4e94d8d48d8b1f756608b05a8f14f80,14.1.1,docker.io/bitnami/postgresql:16.2.0-debian-11-r1
0f5b8086977a59738cfdb67f545739c8fd73e734,14.1.2,docker.io/bitnami/postgresql:16.2.0-debian-11-r16
0c94e7a8e21b9c91f79bf30d5b697d6a764d6e55,14.1.3,docker.io/bitnami/postgresql:16.2.0-debian-11-r17
b70ee2a30e4dc256bf0ac52928fb2fa7a70f049b,14.2.0,docker.io/bitnami/postgresql:16.2.0-debian-11-r17
d96a96f3e29d7df6b8fdbc54be853161299b8734,14.2.0,docker.io/bitnami/postgresql:16.2.0-debian-11-r17
60d8d729982d4db88b6e0cc8955b6f7381c0623e,14.2.1,docker.io/bitnami/postgresql:16.2.0-debian-12-r4
2da202b8f0f0bdf733da4cd1ef23f3b32fde3931,14.2.2,docker.io/bitnami/postgresql:16.2.0-debian-12-r5
50b25b83cb85112731676f61024d033964808120,14.2.3,docker.io/bitnami/postgresql:16.2.0-debian-12-r5
cfa4d4951d9bd72209c77c786efe3267cd5ba070,14.2.4,docker.io/bitnami/postgresql:16.2.0-debian-12-r5
8da2a95d6f21b42215058299cf9ca35b4d2f0c0b,14.2.4,docker.io/bitnami/postgresql:16.2.0-debian-12-r5
1a2217f8087e90a49fde1bd0de7713f32c223aff,14.3.0,docker.io/bitnami/postgresql:16.2.0-debian-12-r5
33b8e700bdecedd8e2130d442adc4593bb76816c,14.3.1,docker.io/bitnami/postgresql:16.2.0-debian-12-r6
1a6732655b99d4a0cf75437db3651cfa1f49133a,14.3.1,docker.io/bitnami/postgresql:16.2.0-debian-12-r6
17bcbcbc7033692d51a13395beb0b606f7826784,14.3.2,docker.io/bitnami/postgresql:16.2.0-debian-12-r7
239ba28cd0d6ecfcbf035dd8269676026fed0998,14.3.3,docker.io/bitnami/postgresql:16.2.0-debian-12-r8
0cf4048e8743f70a9753d460655bd030cbff6824,14.3.3,docker.io/bitnami/postgresql:16.2.0-debian-12-r8
3911a570a329b23dc808d0e1cfe8b27bdf9b33a7,15.0.0,docker.io/bitnami/postgresql:16.2.0-debian-12-r8
dc9345576e47210f8f176a31369abe460a4cf3f9,15.1.0,docker.io/bitnami/postgresql:16.2.0-debian-12-r8
10584d11404dc2871092d2a2fabd1cab55058a14,15.1.1,docker.io/bitnami/postgresql:16.2.0-debian-12-r8
0a3ebd57a2315d4e0cd99948fdc6ef944d39673e,15.1.1,docker.io/bitnami/postgresql:16.2.0-debian-12-r8
5e7f4e1401c96562c12b4161599ba21e6cbeb04b,15.1.2,docker.io/bitnami/postgresql:16.2.0-debian-12-r8
a318638310d74d34d71f82d0df115f8f2f15841a,15.1.3,docker.io/bitnami/postgresql:16.2.0-debian-12-r9
9fea6e050249771a0e81b9415f8f7de496749a57,15.1.4,docker.io/bitnami/postgresql:16.2.0-debian-12-r10
79b584590e90fc8f1be7bbffd1706e762b520f9a,15.2.0,docker.io/bitnami/postgresql:16.2.0-debian-12-r10
85f7422ad7489ad6f14a50021fe7f1eb910b5d7b,15.2.1,docker.io/bitnami/postgresql:16.2.0-debian-12-r10
34f94f3412659c884e0f1358a38b3efc392887a9,15.2.2,docker.io/bitnami/postgresql:16.2.0-debian-12-r12
92e3e8a507326d2a20a8f10ab3e7746a2ec5c554,15.2.2,docker.io/bitnami/postgresql:16.2.0-debian-12-r12
1f682398e96a9663d366e1ff0e74b97fbbbc858b,15.2.3,docker.io/bitnami/postgresql:16.2.0-debian-12-r13
62e46834f798b69bcb8efcc1209bb1305eea2643,15.2.4,docker.io/bitnami/postgresql:16.2.0-debian-12-r14
eba61bd31721b220163f799a5694d234f677ae1b,15.2.5,docker.io/bitnami/postgresql:16.2.0-debian-12-r15
6970c1ba245873506e73d459c6eac1e4919b778f,15.2.5,docker.io/bitnami/postgresql:16.2.0-debian-12-r15
a5e4bd0e35e419203793976a78d9d0a13de92c76,15.2.5,docker.io/bitnami/postgresql:16.2.0-debian-12-r15
8bae0c591364e80bd3ae7ae5e053a4c52be5b78f,15.2.6,docker.io/bitnami/postgresql:16.2.0-debian-12-r15
0db34f643131878ec6d1e9e84a91272b300dd0c5,15.2.7,docker.io/bitnami/postgresql:16.2.0-debian-12-r17
d3084fcaee1bfbc02f2564e7794944b781a31706,15.2.8,docker.io/bitnami/postgresql:16.2.0-debian-12-r18
219d22f67782538a891ded326417fce8c6641577,15.2.9,docker.io/bitnami/postgresql:16.2.0-debian-12-r18
8d1dc11f5fb30db6fba50c43d7af59d2f79deed3,15.2.9,docker.io/bitnami/postgresql:16.2.0-debian-12-r18
b067c94f6bcde427863c197fd355f0b5ba12ff5b,15.2.9,docker.io/bitnami/postgresql:16.2.0-debian-12-r18
4a798ecc98067f6af6012381da0c83068d366074,15.2.10,docker.io/bitnami/postgresql:16.2.0-debian-12-r18
9b809c6ba398109c8c3f5402363e4ee1c7c33b46,15.2.11,docker.io/bitnami/postgresql:16.3.0-debian-12-r3
0fd15577a18c135b71ada7ebcd4db2bee16f3aa7,15.2.12,docker.io/bitnami/postgresql:16.3.0-debian-12-r4
960550afa50fa58649997e89f67cf5b3d3fd0e7d,15.2.13,docker.io/bitnami/postgresql:16.3.0-debian-12-r4
e6fecf9c391077ae43889342a88febeea6eb88cd,15.3.0,docker.io/bitnami/postgresql:16.3.0-debian-12-r4
031d2cf9ee9aacb9d92eecade873f1377953b813,15.3.1,docker.io/bitnami/postgresql:16.3.0-debian-12-r5
3f7c2cbbe905e1e992445194cd5fce48eb3bb87c,15.3.2,docker.io/bitnami/postgresql:16.3.0-debian-12-r6
21f932c438a019828908268ae04703e50b1d7f3d,15.3.3,docker.io/bitnami/postgresql:16.3.0-debian-12-r6
231e25baf23367f31f1e52a89a2cf2636c516247,15.3.4,docker.io/bitnami/postgresql:16.3.0-debian-12-r7
0bafcd70c0b04d3e1147ed82c2b1d992c552ef35,15.3.5,docker.io/bitnami/postgresql:16.3.0-debian-12-r8
91c707c9e4e574725a09505d2d313fb93f1b4c0a,15.3.5,docker.io/bitnami/postgresql:16.3.0-debian-12-r8
53777c8e5104e447deb800e88b68bfc8fd3f494b,15.4.0,docker.io/bitnami/postgresql:16.3.0-debian-12-r8
8852396da928e9834a1e4d14c9d1aeb9f61b3b73,15.4.1,docker.io/bitnami/postgresql:16.3.0-debian-12-r9
748b51516a41ff8af151a530a0e5e0d9a62808e4,15.4.2,docker.io/bitnami/postgresql:16.3.0-debian-12-r10
c6b2f1cc32e0b9a8d884b61e8dc17f1089366d06,15.5.0,docker.io/bitnami/postgresql:16.3.0-debian-12-r10
99f08414ce828db081402ba37cf48c0ad2624fee,15.5.1,docker.io/bitnami/postgresql:16.3.0-debian-12-r12
4269aa0ee711838c59430d48825c58f34fbe674d,15.5.2,docker.io/bitnami/postgresql:16.3.0-debian-12-r12
f7df496fce1cb33658e68af08d382287487e5b0b,15.5.3,docker.io/bitnami/postgresql:16.3.0-debian-12-r13
613a7a431aa8752cb28ee634c4db0c83ef98e827,15.5.4,docker.io/bitnami/postgresql:16.3.0-debian-12-r13
c84850a09c75ce557f87d33fe9c400f66d3a8d1e,15.5.5,docker.io/bitnami/postgresql:16.3.0-debian-12-r14
d36be805cdc81aaa34d197072c112360a7ce99f5,15.5.6,docker.io/bitnami/postgresql:16.3.0-debian-12-r14
2fff79d0d54da3680cb8dac3652884c82c314e74,15.5.7,docker.io/bitnami/postgresql:16.3.0-debian-12-r14
0cdafb8a29c7bfe22c1781ef10154e11e3a7bd09,15.5.8,docker.io/bitnami/postgresql:16.3.0-debian-12-r14
2907ba00566e8cc3675865fbf3e43b43702d4998,15.5.9,docker.io/bitnami/postgresql:16.3.0-debian-12-r14
59f0aa2b948cdcd5a30f3f9111b2d422e0a8b81b,15.5.10,docker.io/bitnami/postgresql:16.3.0-debian-12-r15
52dfed6bac44d791efabfaf06f15daddc4fefb0c,15.5.10,docker.io/bitnami/postgresql:16.3.0-debian-12-r15
0fe73e31c5dad97c86b9db11af28388d0324aea8,15.5.11,docker.io/bitnami/postgresql:16.3.0-debian-12-r16
4feb56d610de6e958fd0d7052958b88bcb21e1ab,15.5.12,docker.io/bitnami/postgresql:16.3.0-debian-12-r16
e51f4a8818f15e6c0b636294d50d223140cc43d5,15.5.13,docker.io/bitnami/postgresql:16.3.0-debian-12-r18
a4baae5538d74b732fca029ad6ee5783279c4d54,15.5.14,docker.io/bitnami/postgresql:16.3.0-debian-12-r19
d8d0dfe79932c19f1b9b66bc5ac1addf0643da21,15.5.15,docker.io/bitnami/postgresql:16.3.0-debian-12-r19
7d3b0f0f13b79e75ee38ce1f5b59911c0cedb187,15.5.16,docker.io/bitnami/postgresql:16.3.0-debian-12-r19
6267bb792f70eb0b67800132f5fbd488087e347b,15.5.17,docker.io/bitnami/postgresql:16.3.0-debian-12-r19
8976498507646c6a690381a38d690aa32b25a2f7,15.5.18,docker.io/bitnami/postgresql:16.3.0-debian-12-r21
59696e992ceec9b12255560d346e59f2f62b543e,15.5.19,docker.io/bitnami/postgresql:16.3.0-debian-12-r22
89f10d4d1b7c4e88015f9f4c3c9002dc1d749860,15.5.20,docker.io/bitnami/postgresql:16.3.0-debian-12-r23
da5f1c5478a8033a7a3cfa44a7ed6618952509af,15.5.21,docker.io/bitnami/postgresql:16.4.0-debian-12-r0
9666e6a662dfb6985b537794e8617949c51178fe,15.5.22,docker.io/bitnami/postgresql:16.4.0-debian-12-r1
d60e4314329df6fd2490237ce13395cb391aaa7e,15.5.23,docker.io/bitnami/postgresql:16.4.0-debian-12-r2
05c09dbb8e60cde19c44ee6d795e31a48f9f77ba,15.5.24,docker.io/bitnami/postgresql:16.4.0-debian-12-r2
8267ba0828c6325d96b0c18fba40906c1718db26,15.5.25,docker.io/bitnami/postgresql:16.4.0-debian-12-r3
fd112fb348a6f68686d863684e38e03e61f2e1a3,15.5.26,docker.io/bitnami/postgresql:16.4.0-debian-12-r4
08dfd32dc50004050b6aca1d6c3418062b65402f,15.5.27,docker.io/bitnami/postgresql:16.4.0-debian-12-r5
2b42eb7ab7d9d5376ec44b36ca92fb22c52085af,15.5.28,docker.io/bitnami/postgresql:16.4.0-debian-12-r7
3c161f7033eff31b2f3d98879bcac07c7070c0d6,15.5.29,docker.io/bitnami/postgresql:16.4.0-debian-12-r8
72408702b553e51a2848ce061bf917934737c42e,15.5.30,docker.io/bitnami/postgresql:16.4.0-debian-12-r8
baf9a0facb2d1a659bf53d13c4088929bbf86400,15.5.31,docker.io/bitnami/postgresql:16.4.0-debian-12-r9
c43177e1b362f27319a215c7394bcb612bed4924,15.5.32,docker.io/bitnami/postgresql:16.4.0-debian-12-r9
e0819554cf864099182049333aa47f7fd3ba341b,15.5.33,docker.io/bitnami/postgresql:16.4.0-debian-12-r10
1450838c829ccf48edb386b459244bf59f9080fa,15.5.34,docker.io/bitnami/postgresql:16.4.0-debian-12-r11
1f3717afe128dea9ff69598952245930b1e7ced6,15.5.35,docker.io/bitnami/postgresql:16.4.0-debian-12-r11
074e377c582055f6b7039c63d7d37db5f97b770d,15.5.36,docker.io/bitnami/postgresql:16.4.0-debian-12-r12
45cada10883f6ac5ad4ecaadf3c0d6aa1d9912bb,15.5.37,docker.io/bitnami/postgresql:16.4.0-debian-12-r13
105fcbb5c090c6f0b10858cdcc33dfc255c0c7e4,15.5.38,docker.io/bitnami/postgresql:16.4.0-debian-12-r14
aeedc0e67b1593191aa0c3cb2239864d0b3c9a58,16.0.0,docker.io/bitnami/postgresql:17.0.0-debian-12-r0
9d7fcdc44c4f0939fb0006fb04d4161080cb558a,16.0.1,docker.io/bitnami/postgresql:17.0.0-debian-12-r1
f0d9ad78f39f633d275fc576d32eae78ded4d0b8,16.0.1,docker.io/bitnami/postgresql:17.0.0-debian-12-r1
766c1577e867aea17e1e9b21cc25f9e27b299273,16.0.2,docker.io/bitnami/postgresql:17.0.0-debian-12-r2
7b3f2bb7a65a78cba10fe8dfe87fd47b55dd8ec0,16.0.3,docker.io/bitnami/postgresql:17.0.0-debian-12-r3
8435f88ae01cc20203022eb97904ee3abeb96467,16.0.4,docker.io/bitnami/postgresql:17.0.0-debian-12-r5
a825e37775f041dc3404f727ff33661364dbc8a3,16.0.5,docker.io/bitnami/postgresql:17.0.0-debian-12-r6
e431b4a915cb29593faedff990bba9516dc25ef6,16.0.6,docker.io/bitnami/postgresql:17.0.0-debian-12-r9
a51f9e4bb0fbf77199512d35de7ac8abe055d026,16.0.6,docker.io/bitnami/postgresql:17.0.0-debian-12-r9
4253372e0b770e941c4894cdd7a904d3fdabeb19,16.1.0,docker.io/bitnami/postgresql:17.0.0-debian-12-r9
696f113b68a7f541de7f073cf3efec5b25ccf10b,16.1.1,docker.io/bitnami/postgresql:17.0.0-debian-12-r9
423c55454743745dc486e426089141fa814fd401,16.1.2,docker.io/bitnami/postgresql:17.0.0-debian-12-r11
ea896dbfbfaf7d386ca40c4072a61aa958cb7fb1,16.2.0,docker.io/bitnami/postgresql:17.0.0-debian-12-r11
236052763a4d81ca42d1068203ce5d6ee3f61b20,16.2.1,docker.io/bitnami/postgresql:17.1.0-debian-12-r0
7b3a6d5808e79d68a7c9edb6bca54aff262a6264,16.2.2,docker.io/bitnami/postgresql:17.2.0-debian-12-r0
22a4c51dc3b85e73b017cb6f6c73e15e6e4b811c,16.2.3,docker.io/bitnami/postgresql:17.2.0-debian-12-r1
ed2a54617faf763169e6b01a89100b9db32e1000,16.2.3,docker.io/bitnami/postgresql:17.2.0-debian-12-r1
35ab5363741e7548f4076f04da6e62d10153c60c,16.2.3,docker.io/bitnami/postgresql:17.2.0-debian-12-r1
8f4bc7b46b0ce02286cc9973ff8f054a1f9c3fde,16.2.4,docker.io/bitnami/postgresql:17.2.0-debian-12-r1
34606c10dedd06431182d0563fb61703e691ddf1,16.2.5,docker.io/bitnami/postgresql:17.2.0-debian-12-r2
3dfc00376df6631f0ce54b8d440d477f6caa6186,16.2.5,docker.io/bitnami/postgresql:17.2.0-debian-12-r2
ac96151bdbe5e99b00dcde62a4d72f1827fa46b2,16.3.0,docker.io/bitnami/postgresql:17.2.0-debian-12-r2
b0d2c2e53c9033d3827597c561931fbb331eb99b,16.3.1,docker.io/bitnami/postgresql:17.2.0-debian-12-r2
b41a51d1bd04841fc108b78d3b8357a5292771c8,16.3.1,docker.io/bitnami/postgresql:17.2.0-debian-12-r2
1406ab116e0fcfbb8fe2eaec1adc5fe494c0f329,16.3.2,docker.io/bitnami/postgresql:17.2.0-debian-12-r3
41671f2e787863686079e1358054142d61d15982,16.3.3,docker.io/bitnami/postgresql:17.2.0-debian-12-r4
05a9583f949b49fab2673774a4f56ff686d959f4,16.3.4,docker.io/bitnami/postgresql:17.2.0-debian-12-r5
c03fe0c3e359db15c2c096d52e6e28e480dfdbd6,16.3.5,docker.io/bitnami/postgresql:17.2.0-debian-12-r5
364ac45ea6a20b693662b14a17122885f4e43364,16.4.1,docker.io/bitnami/postgresql:17.2.0-debian-12-r5
946b638fd63e2d7e74865d591ef403b4dce229b3,16.4.2,docker.io/bitnami/postgresql:17.2.0-debian-12-r6
901b26c4b7be8935d9764d51df4b76d8dede0117,16.4.3,docker.io/bitnami/postgresql:17.2.0-debian-12-r6
e784f187c01d6a2d7a1237ae5015bd5cb6e4e4b8,16.4.4,docker.io/bitnami/postgresql:17.2.0-debian-12-r7
b11637c36ab924cd764ead95e30838a0c4af8321,16.4.5,docker.io/bitnami/postgresql:17.2.0-debian-12-r8
e9f02f5007068751f7eb2270fece811e685c99b6,16.4.5,docker.io/bitnami/postgresql:17.2.0-debian-12-r8
0a0a5d33825e523f8fa780bdec97b685fd74d0e3,16.4.6,docker.io/bitnami/postgresql:17.2.0-debian-12-r10
ca8f9307b80e6a192b51d333fbe8b927b2949be1,16.4.7,docker.io/bitnami/postgresql:17.2.0-debian-12-r10
d9bb11a9076b9bfdcc70ea022c25ef50e9713657,16.4.7,docker.io/bitnami/postgresql:17.2.0-debian-12-r10
3a013d5224e3bf9db42a1540f66c5c1aa2eeecfd,16.4.8,docker.io/bitnami/postgresql:17.3.0-debian-12-r0
2a9fe2448aedccf5779c7f73ad45328edaa11156,16.4.9,docker.io/bitnami/postgresql:17.3.0-debian-12-r1
b739b69532e637bd33b4a44eeb422c3e749eac77,16.4.10,docker.io/bitnami/postgresql:17.3.0-debian-12-r1
12c6e531eafa7cfed5f78a98fec9062eaaa8c133,16.4.11,docker.io/bitnami/postgresql:17.3.0-debian-12-r3
3847abe0791e4d01718d221c215306b6a23a26b7,16.4.12,docker.io/bitnami/postgresql:17.4.0-debian-12-r0
9817d0155847035dc6c7edba6422ce9f56223909,16.4.13,docker.io/bitnami/postgresql:17.4.0-debian-12-r1
3fc13a01d65efa3d3f9624c8c01e7de286edfbad,16.4.14,docker.io/bitnami/postgresql:17.4.0-debian-12-r2
e55c589d64b918346a475d22578b90cab4f51c38,16.4.15,docker.io/bitnami/postgresql:17.4.0-debian-12-r3
353c702d65c42071ba93ae2d01286528fc8a0c9f,16.4.16,docker.io/bitnami/postgresql:17.4.0-debian-12-r4
7284b3f65ac7a209ba65396bbc2f6cc8c188ddec,16.5.0,docker.io/bitnami/postgresql:17.4.0-debian-12-r4
a8fba5cb01f6f4464ca7f69c50b0fbe97d837a95,16.5.0,docker.io/bitnami/postgresql:17.4.0-debian-12-r4
758a0c6fe0de62873a475692ed2e12378784e051,16.5.1,docker.io/bitnami/postgresql:17.4.0-debian-12-r7
89b026dc5e9d23f3cd35d0e07ff57b9b605f4376,16.5.2,docker.io/bitnami/postgresql:17.4.0-debian-12-r8
150c5aa26dfe351cfbdeb17e480c1de935430a9b,16.5.3,docker.io/bitnami/postgresql:17.4.0-debian-12-r9
423422dab9ddcb40b1e8e9bb007ade8e82da7892,16.5.4,docker.io/bitnami/postgresql:17.4.0-debian-12-r10
6703679964429f2b0fdf853a8ac812bf7dec5302,16.5.5,docker.io/bitnami/postgresql:17.4.0-debian-12-r10
7aac5fd297380af0d94f85922657fbc999dfaadc,16.5.6,docker.io/bitnami/postgresql:17.4.0-debian-12-r11
2203c41cb173248d26c8fb073d28e93165888ebc,16.6.0,docker.io/bitnami/postgresql:17.4.0-debian-12-r11
d254ab737a59c0c0a546979057f89bcf74d788a0,16.6.1,docker.io/bitnami/postgresql:17.4.0-debian-12-r13
96680412e57a9beefcebc0d86be4e859fd393197,16.6.2,docker.io/bitnami/postgresql:17.4.0-debian-12-r14
ea1790406d0ec080c9eed3157402f702eb6c73a1,16.6.3,docker.io/bitnami/postgresql:17.4.0-debian-12-r15
307b38e8a536a10902ef3d667ef82396b737b94d,16.6.4,docker.io/bitnami/postgresql:17.4.0-debian-12-r15
67bec6a685cbec208524c7f67397e2a55549b187,16.6.5,docker.io/bitnami/postgresql:17.4.0-debian-12-r17
121d54ed2dae38cf311ef7a70287e20e7b68bd3e,16.6.6,docker.io/bitnami/postgresql:17.4.0-debian-12-r17
71bd413abfa6e4622f5a479c2d6ffe965b7986b1,16.6.7,docker.io/bitnami/postgresql:17.4.0-debian-12-r19
81a2c5f710bb3ba6a8a338cde54a309f3697bf32,16.7.0,docker.io/bitnami/postgresql:17.4.0-debian-12-r19
71ca86a822cee8d5125cab0cc7b8adc43d3f115f,16.7.1,docker.io/bitnami/postgresql:17.5.0-debian-12-r0
77e312c1772d4d7c4dc5d3ac0e80f4e452e3a062,16.7.1,docker.io/bitnami/postgresql:17.5.0-debian-12-r0
6fa611bcc3611666ac322d421ed6c2a0eb10646c,16.7.2,docker.io/bitnami/postgresql:17.5.0-debian-12-r2
ab0161760fa3754e64945e5a94fd95866c8b929e,16.7.3,docker.io/bitnami/postgresql:17.5.0-debian-12-r3
7e006db0e1ed2d6dbc1bf1ffc3ebeac48726efa5,16.7.4,docker.io/bitnami/postgresql:17.5.0-debian-12-r3
63123718de94dbedd798d380807b57031e98ed4f,16.7.4,docker.io/bitnami/postgresql:17.5.0-debian-12-r3
2bc74f3f539481ceaa12833c114047583912b748,16.7.4,docker.io/bitnami/postgresql:17.5.0-debian-12-r3
96adefd64d7296b21fd2f491cc14bef9f9e31548,16.7.5,docker.io/bitnami/postgresql:17.5.0-debian-12-r6
400a5e5dc0b0db3d222a588f49b6b8577da2dd75,16.7.6,docker.io/bitnami/postgresql:17.5.0-debian-12-r6
8d6133cdb968ce73091026ec8b8031fd8cdd767e,16.7.7,docker.io/bitnami/postgresql:17.5.0-debian-12-r7
41b1852d4b83df903fc4148e09a8406922a821d3,16.7.8,docker.io/bitnami/postgresql:17.5.0-debian-12-r8
10634578d525989118eba62cc72d2eb86b96029f,16.7.9,docker.io/bitnami/postgresql:17.5.0-debian-12-r10
5880187fcb235887cbe944dad6e38152471badb9,16.7.10,docker.io/bitnami/postgresql:17.5.0-debian-12-r10
8e61c28f6fabe634533eca525aa4ab35065f28b2,16.7.10,docker.io/bitnami/postgresql:17.5.0-debian-12-r10
ea1c058afa569f454a2955380428a5276a89c885,16.7.11,docker.io/bitnami/postgresql:17.5.0-debian-12-r11
858195b20aa25e8b985e5d1a8e85b8498870987a,16.7.12,docker.io/bitnami/postgresql:17.5.0-debian-12-r12
6ee27f537363be3f3e5279bfe726e6bae5c3cfb5,16.7.13,docker.io/bitnami/postgresql:17.5.0-debian-12-r12
25dc47460564f2c15aadd286037a32710665fce0,16.7.14,docker.io/bitnami/postgresql:17.5.0-debian-12-r12
d71b40e05b95ab88db99478d3c2ee04e131b63bd,16.7.15,docker.io/bitnami/postgresql:17.5.0-debian-12-r16
c3ac2ad4660570101dd734c6b2b1caf480ef4ad1,16.7.16,docker.io/bitnami/postgresql:17.5.0-debian-12-r16
b57f28f07f6d93331979a6460c7204dfc67fb29e,16.7.17,docker.io/bitnami/postgresql:17.5.0-debian-12-r17
57712c4ec8815f8a641234c2be519610ca31ff14,16.7.18,docker.io/bitnami/postgresql:17.5.0-debian-12-r18
15c6eeeee5d8454b93eeada473a80a0230d6d3ae,16.7.19,docker.io/bitnami/postgresql:17.5.0-debian-12-r18
e1c8146831516fb35de736a6f3fd10e5e7a44286,16.7.19,docker.io/bitnami/postgresql:17.5.0-debian-12-r18
73d15e03e04647efa902a1d14a09ea8657429cd0,16.7.19,docker.io/bitnami/postgresql:17.5.0-debian-12-r18
4973fd08dd7e95398ddcc4054538023b542e19f2,16.7.19,docker.io/bitnami/postgresql:17.5.0-debian-12-r18
8a2dca9f6b2d37d2975fb1f3ddfe23c9ca963336,16.7.20,docker.io/bitnami/postgresql:17.5.0-debian-12-r18
e3f9cac9c285f30febbce7a27d83dfa582a6fc09,16.7.21,docker.io/bitnami/postgresql:17.5.0-debian-12-r20
07483a5ed964b409266dc025e4b55bf2eb0f621c,16.7.21,docker.io/bitnami/postgresql:17.5.0-debian-12-r20
4f82f0aa93399b88880c20b83cecd14d1876c749,16.7.22,docker.io/bitnami/postgresql:17.5.0-debian-12-r20
652fbf8f02c27adce46fcdb9fa979a0240f97039,16.7.23,docker.io/bitnami/postgresql:17.5.0-debian-12-r20
bc094f791daca01aa0b07e73ded566fef3a07896,16.7.24,docker.io/bitnami/postgresql:17.5.0-debian-12-r20
8a562c7ca004e8fc5a672f405a384940c39e2b08,16.7.25,docker.io/bitnami/postgresql:17.5.0-debian-12-r20
e564f07589caf073b8790a11e09fd827820de3bc,16.7.26,docker.io/bitnami/postgresql:17.6.0-debian-12-r0
36f859828f416317e845779739fc772ef1774543,16.7.27,docker.io/bitnami/postgresql:17.6.0-debian-12-r4
