d20173aa3fab7793012d8eb65420c5560cd0166d,0.0.1,docker.io/tompizmor/kafka:1.1.0
0b280542a8b26c97c14c45e7902bdc113edaf666,0.0.1,docker.io/bitnami/kafka:1.1.0
98c0b7d5be6a90bb73ea65444e8f955595b8d47f,0.0.1,docker.io/bitnami/kafka:1.1.0
ace6973a546feec2920a477e9b39a4c8434b7723,0.0.1,docker.io/bitnami/kafka:1.1.0
473e2b2646f6a7eceabd5c23c2678bab54ef98c4,0.0.2,docker.io/bitnami/kafka:1.1.0
dd6ca2416bb8b4de82f9880f8eadb6f21c42726f,0.0.3,docker.io/bitnami/kafka:1.1.0
386a592a9dca6d1ee7bc34a8c3d898d55d658339,0.0.3,docker.io/bitnami/kafka:1.1.0
e8153d806c681956d15670475756e67166171b0b,0.0.4,docker.io/bitnami/kafka:1.1.0
125ac00b67d07e926f8c894f628b2813f2699c9d,0.0.4,docker.io/bitnami/kafka:1.1.0-debian-9
edd533a4c5fb631118ad74e7ffafb7c9d7440759,0.0.4,docker.io/bitnami/kafka:1.1.0-debian-9
7e4ddadeeb8f6a21cea92ec443e33dd15e34d7c9,0.0.5,docker.io/bitnami/kafka:1.1.0-debian-9
0aa5f72d63242b3fd5d5e2d64d842763b7397631,0.0.6,docker.io/bitnami/kafka:1.1.0-debian-9
551c250a4af035dce11c6503457c7930627d1508,0.0.6,docker.io/bitnami/kafka:1.1.0-debian-9
8d823c26e4506db700a0c3229bd451688873e63f,0.0.5,docker.io/bitnami/kafka:1.1.1-debian-9
e0a2c35b553bc8bfef3cf41bdca97b7f9169bb4d,0.0.5,docker.io/bitnami/kafka:1.1.1-debian-9
e0cf56d9696f0bcc5aa79536aa8d6971d5d7c5c9,0.0.6,docker.io/bitnami/kafka:1.1.1-debian-9
05f4a60afda1eed149a4bbafafa1c90b7795a2f9,0.0.6,docker.io/bitnami/kafka:1.1.1-debian-9
0071eb5545f7774eeab9ea335c660df644ad3e4c,0.0.7,docker.io/bitnami/kafka:1.1.1-debian-9
ae72588f0869e0097d1db95e27f2e6efd658c712,0.0.8,docker.io/bitnami/kafka:1.1.1-debian-9
d209240f58c1978e84ae05b6ae743bb941131a1b,0.0.8,docker.io/bitnami/kafka:2.0.0-debian-9
34afefe813a5a2cb64f8e9dfff7523cacb501fc7,0.0.8,docker.io/bitnami/kafka:2.0.0-debian-9
0db5066369b73685fb13f1f17ca48f078ee41b5d,0.0.9,docker.io/bitnami/kafka:2.0.0-debian-9
6fd90d0f52676bae0293745c1fb493d7c3e9c655,0.0.9,docker.io/bitnami/kafka:2.0.0-debian-9
bd1ad050655c1a2835b33bd18f6f0f912f61f3d3,0.0.9,docker.io/bitnami/kafka:2.0.0-debian-9
e9dd41e93dfc4b161d85054661eef359f9ece936,1.0.0,docker.io/bitnami/kafka:2.0.0-debian-9
727b0705951f485b00afe2107b1427f7ca842233,1.0.0,docker.io/bitnami/kafka:2.0.0-debian-9
c22b640d382e47f9769681624f919f64742e0533,1.0.0,docker.io/bitnami/kafka:2.0.0-debian-9
a64172812af8b11fac23be2fe7a66b1edb14c71f,1.0.1,docker.io/bitnami/kafka:2.0.0-debian-9
099519c1a23dfc6f6a1f51cc4a50725245dfeb9b,1.0.1,docker.io/bitnami/kafka:2.0.0-debian-9
a140313f4910d1366170415f0300729c22eda073,1.0.1,docker.io/bitnami/kafka:2.0.0-debian-9
728466ac178560c67f2ede913140f50dc5136fd3,1.0.1,docker.io/bitnami/kafka:2.0.0-debian-9
2f6dc51ce6307d57bd8c20e929da23dd2adf22d5,1.0.2,docker.io/bitnami/kafka:2.0.0-debian-9
395ba08e2bc14ef28a0cae1fada97ed6cf2e777d,1.1.0,docker.io/bitnami/kafka:2.0.0-debian-9
93170acc16e842e55aff7b7d944f7fbe025eee91,1.1.0,docker.io/bitnami/kafka:2.0.0-debian-9
dec26e5d0b982905dde2a55fdf2285a7781a64cc,1.1.0,docker.io/bitnami/kafka:2.0.0-debian-9
31763114bac13596dba98e6f7b6fb2c937be81a8,1.0.2,docker.io/bitnami/kafka:2.0.0-debian-9
f62c4f686766576758dd56ed787c0f63514cdac2,1.0.2,docker.io/bitnami/kafka:2.0.0-debian-9
0f281355c5a2f166b8bf591a6b1ceb743fcf1a4c,1.1.0,docker.io/bitnami/kafka:2.0.0-debian-9
be6cbedd27cea4c5c0e30ce70c9790c27ca1a0ec,1.1.0,docker.io/bitnami/kafka:2.0.0-debian-9
24706a6163b75700c705f3021bb37790f95423c9,1.1.0,docker.io/bitnami/kafka:2.0.0-debian-9
9ead294d5705f2646e8d3b70e14129d23c07bf8a,1.1.0,docker.io/bitnami/kafka:2.0.0-debian-9
ce3acad2e9897fd0c3b9bbb676b3816065029fe0,1.0.3,docker.io/bitnami/kafka:2.0.0-debian-9
78a98b678e338dc94b901d632f7beab138c49c04,1.1.0,docker.io/bitnami/kafka:2.0.0-debian-9
427ac51cdf4de70f786563e1971a5d491d32ad54,1.1.0,docker.io/bitnami/kafka:2.0.0
0cfd3f421533a532c90438afa287bf46aa10413e,1.1.1,docker.io/bitnami/kafka:2.0.0
67fbfc93110ccf8c1453f4ce0946c411241496bc,1.1.1,docker.io/bitnami/kafka:2.0.1
65becb5dd47aa8138419bfa8ffa50431d8c63d4b,1.1.1,docker.io/bitnami/kafka:2.0.1
42acb1a1051af1aac0536e8c808c6010e9838ebe,1.1.2,docker.io/bitnami/kafka:2.0.1
fbab11d099c4a71dee047f03468be7dd98ee7d13,1.1.3,docker.io/bitnami/kafka:2.0.1
0e3d869371f89689f9950d2c9203e1336c2f6798,1.2.0,docker.io/bitnami/kafka:2.0.1
bda3d2cd0e065a8a420fa15df5851cbda890c607,1.2.0,docker.io/bitnami/kafka:2.0.1
0f11731db99ad1f2657cd342a7e1575beb3ccc43,1.2.0,docker.io/bitnami/kafka:2.0.1
5412d880d5586c84025ae93c23d04734786d8e0d,1.2.0,docker.io/bitnami/kafka:2.1.0
aeb53f1b335acb79d193fd7f0501dc2cf3be9332,1.2.0,docker.io/bitnami/kafka:2.1.0
b41a739921234160a7dcd87d278c247acc808d95,1.2.1,docker.io/bitnami/kafka:2.1.0
f964514fbb3e63e308f5f3eca6bb6ee6eb1d5038,1.2.2,docker.io/bitnami/kafka:2.1.0
d88146dc8d877ef3daf6dda8110f75008bf56995,1.2.3,docker.io/bitnami/kafka:2.1.0
eb12d81e0977328977c51ea114f15a53ed90bdcd,1.2.4,docker.io/bitnami/kafka:2.1.0
db633c66447eb6585b1cee02fdce0c402580cbdf,1.2.4,docker.io/bitnami/kafka:2.1.0
e68b59ca16d69968bcb59bd30d8b93396c8456ff,1.2.5,docker.io/bitnami/kafka:2.1.0
3310c958c6f62b9d85c283d526a2bf206a9c37f5,1.2.5,docker.io/bitnami/kafka:2.1.0
328af8af75cf954d2ca2d9e437492c13bf034b5f,1.2.5,docker.io/bitnami/kafka:2.1.0
e8112e333b7275643d903d75e08036dacf805a02,1.2.5,docker.io/bitnami/kafka:2.1.0
04b74845370a474c470473e9fa2372bf3924e3a3,1.2.6,docker.io/bitnami/kafka:2.1.0
5191e48086e6b3ea25834ef578496547d1bfa04b,1.3.0,docker.io/bitnami/kafka:2.1.0
60edfecc127b1e2da65460b736b65a59263dc176,1.3.0,docker.io/bitnami/kafka:2.1.0
5c8517c6dc37cf6f776ad61930db224a6a68a279,1.3.0,docker.io/bitnami/kafka:2.1.0
66fd599ed1731b5ef914381db9bb176bf9601bf8,1.3.0,docker.io/bitnami/kafka:2.1.0
9a2cf81399905b7b3190bbc35a8d554f94014ce8,1.2.6,docker.io/bitnami/kafka:2.1.0
5265f54a616e0e8e19b7a82732ecd6626b6afb99,1.2.6,docker.io/bitnami/kafka:2.1.0
e525846b8889f62886297ec026bb5b15aecae780,1.3.0,docker.io/bitnami/kafka:2.1.0
321fe04c1dc48138638e966bf034564db8bb6f63,1.3.1,docker.io/bitnami/kafka:2.1.0
69a201ca8e34ee89929f3c118df54b874bc1821a,1.3.0,docker.io/bitnami/kafka:2.1.0
025a87d9db3509f76d85c53f0bef3a966b7b6e5b,1.3.1,docker.io/bitnami/kafka:2.1.0
b7d47082486aef90189abd7217c6c6e19171ee7f,1.3.2,docker.io/bitnami/kafka:2.1.1
44127632bed4591dcef19cf3b4695a1eaeb4cb4e,1.3.1,docker.io/bitnami/kafka:2.1.0
a5ae235e37d84178446c72d744578be517f24345,1.3.3,docker.io/bitnami/kafka:2.1.1
0e00bf83559cef7a76bf2333d7c5fe8e9b6856e5,1.4.0,docker.io/bitnami/kafka:2.1.1
08704a55fa287f8da2e680344163b65863959329,1.4.1,docker.io/bitnami/kafka:2.1.1
7a20589b82b6668cdb53c6484550f1daca450f23,1.4.1,docker.io/bitnami/kafka:2.1.1
fdab5e38a45fbd98c1f05a30cf18f39edeb02020,1.5.0,docker.io/bitnami/kafka:2.1.1
a013024d65bc0b27227357f690fc57cd3c168314,1.5.0,docker.io/bitnami/kafka:2.1.1
d61508da3cff389627f9fcbbab708759ebee558b,1.6.0,docker.io/bitnami/kafka:2.1.1
e11a2a3da995bf32a7c8feb4a04af8c19b11b478,1.6.0,docker.io/bitnami/kafka:2.1.1
50021c056924e8afbe4551a0688fe4b0372870d9,1.6.0,docker.io/bitnami/kafka:2.1.1
d0b6f768e7b3bee67f234560ab8d8563ecede33d,1.6.0,docker.io/bitnami/kafka:2.1.1
22d6e0b546ec6b222cc444ea3c02fd25d6f31dce,1.7.0,docker.io/bitnami/kafka:2.1.1
5d216bfea23f62aae825e733a9e37e936f14c310,1.7.1,docker.io/bitnami/kafka:2.1.1
1a45bba6ce964b3e2b939fba0cdf063cf66e7586,1.7.2,docker.io/bitnami/kafka:2.1.1
358e2d2d3d68d522aa37a7d75c1aab5414039d22,1.8.0,docker.io/bitnami/kafka:2.1.1
634e5dbeaf3dce48a56fdec4097d187690d4dd8b,1.8.1,docker.io/bitnami/kafka:2.1.1
f3b72a2fdbe6e807a9ed98ddc5bfaa8c489a30cb,1.8.2,docker.io/bitnami/kafka:2.2.0
de1a384c91cffee841239a81ab5bbf1b2e699660,1.9.0,docker.io/bitnami/kafka:2.2.0
10f0e71b426d7d6336ff24c4408b2e6d8f3408dd,1.10.0,docker.io/bitnami/kafka:2.2.0
da526a71d16381d6844f21b78946078823d6f976,1.9.0,docker.io/bitnami/kafka:2.2.0
43ccb4fde4e3d0c9d5acc67517f7b821a2a50498,1.9.0,docker.io/bitnami/kafka:2.2.0
f0ec6ff58671da66f26cd2234fc4eef3282691ab,1.9.0,docker.io/bitnami/kafka:2.2.0
7db6a64611bd6bc409cb745ef01e9dd6ed263151,1.9.1,docker.io/bitnami/kafka:2.2.0
0f533b77378c6e8b54de2184f81d05d42ecbb20c,unknown,docker.io/bitnami/kafka:2.2.0
489cddfd82500988578235bd63cd2497dd8d10a8,1.10.1,docker.io/bitnami/kafka:2.2.0
1f2bbea11b45810ec6203757415d312f0228094c,1.10.2,docker.io/bitnami/kafka:2.2.0
0ffa56ddccd6712fc061a07020c35712bf8b3f8c,1.10.2,docker.io/bitnami/kafka:2.2.0
e13115da6e067b4eb3cb85b03f06540942566e52,1.10.1,docker.io/bitnami/kafka:2.2.0
905369dce4fdfba514504d394bdb459df90734d8,1.11.0,docker.io/bitnami/kafka:2.2.0
f5b13c38740f59bf59e882d94a822692babe9ce6,2.0.0,docker.io/bitnami/kafka:2.2.0
2a95103374feac820bf031c3430c33147a027c6b,2.0.1,docker.io/bitnami/kafka:2.2.0
228c9e905c622213ce598e8935594ae8e69167be,2.0.2,docker.io/bitnami/kafka:2.2.0
6a0e5d9519ff5e76b7bac184ade7c44d0e31c20a,2.1.0,docker.io/bitnami/kafka:2.2.0
6d80a04a000ece1b8db8a990d4992e944da803a8,2.0.2,docker.io/bitnami/kafka:2.2.0
865f21847041d78b34edf6d679505f696ba74c3d,2.2.0,docker.io/bitnami/kafka:2.2.0
03297a3150bdd316dd1da53680a70a2b25cbfe71,2.2.0,docker.io/bitnami/kafka:2.2.0
8e8269e310885f2688536d2c9601817fdc4e2e3a,2.2.0,docker.io/bitnami/kafka:2.2.0
e7f25ceb356d17c5c8a847e2d5c72a365f2027e4,2.2.1,docker.io/bitnami/kafka:2.2.0
f9093c1aaa9cde25a042c3d62f7873385447cbf7,2.2.2,docker.io/bitnami/kafka:2.2.0
17ca4f5c91da33da03f9e2d411fe5e004e825c4d,2.2.2,docker.io/bitnami/kafka:2.2.0-debian-9-r40
adfc35728c2a8a9def9e1897b3772d64df621354,2.2.2,docker.io/bitnami/kafka:2.2.0-debian-9-r40
95957ea6430f28ec3593053afb0bfccb75703c79,2.2.3,docker.io/bitnami/kafka:2.2.0-debian-9-r40
90d7b6413d00d6e2eec1a6bf805f18ae3c03b447,2.0.3,docker.io/bitnami/kafka:2.2.0
774b390424c5b970be1a93eef7a6a142e1af0afe,2.2.4,docker.io/bitnami/kafka:2.2.0
062ff0a4641cb65956590cdce6d4eb50fd3ee321,2.2.5,docker.io/bitnami/kafka:2.2.0-debian-9-r40
94618e9cad2d1acb55a27a513af0bafbcd5016e7,2.2.4,docker.io/bitnami/kafka:2.2.0-debian-9-r40
9a034addc56120a44a420c7d5b5436aca553f4c4,3.0.0,docker.io/bitnami/kafka:2.2.0-debian-9-r40
09eab0f38af04a069f84c92ad307ffabc086083d,3.0.0,docker.io/bitnami/kafka:2.2.0-debian-9-r40
5b2a4a7e93206dd044dea1bb07bb3ae17ab1184a,3.0.1,docker.io/bitnami/kafka:2.2.0-debian-9-r40
e2c3a0843eea23cf50322a071c3f258fab6bac29,3.0.1,docker.io/bitnami/kafka:2.2.0-debian-9-r40
126979ebfe4238244ec8a2973588ac406a33f6ab,3.0.2,docker.io/bitnami/kafka:2.2.0-debian-9-r40
471ddf4fd4afd72c85b2db05265406cfb80fc324,3.0.2,docker.io/bitnami/kafka:2.2.0-debian-9-r40
18786adc9201d7634c4c6de26aeea77ef288eb65,3.0.2,docker.io/bitnami/kafka:2.2.0-debian-9-r40
8041c444c9a714625fd235a7c214a1eebcd3a8a8,3.0.2,docker.io/bitnami/kafka:2.2.1-debian-9-r0
80d88dea9d4779f161c44762057a2ca743dc3a4a,3.0.3,docker.io/bitnami/kafka:2.2.1-debian-9-r0
a2397d287b21ab59cfc279f9b67aec7e3e0b7c6f,3.0.4,docker.io/bitnami/kafka:2.2.1-debian-9-r0
9cabcc9e1ae1ba1a3d9b141147f16dc854d4a789,3.0.5,docker.io/bitnami/kafka:2.2.1-debian-9-r0
99c7d58efb5ce1cdfa39f03c1ee94a1d416c40dc,3.0.5,docker.io/bitnami/kafka:2.2.1-debian-9-r0
9e3b8ced6a5222c07bd1614b534abf3b5f507c99,3.0.5,docker.io/bitnami/kafka:2.2.1-debian-9-r0
53247da385b3bed19f02505b059591869893ecbb,3.0.6,docker.io/bitnami/kafka:2.2.1-debian-9-r0
71adf57af3aaaf70ba0b7b6a9e17ef79c3359884,3.0.6,docker.io/bitnami/kafka:2.2.1-debian-9-r11
e57ffd922f079205318f02f28d25ca330f3f45a4,3.0.6,docker.io/bitnami/kafka:2.2.1-debian-9-r11
a67219387480695cdd7e4dd2a7f5443ed8093a11,3.0.7,docker.io/bitnami/kafka:2.2.1-debian-9-r11
7ac4ec09a0113aae7d39173f52fb11c55f27cde5,3.0.7,docker.io/bitnami/kafka:2.2.1-debian-9-r11
a46f5645ce3532ab0ba85b782c72614b49a0dcc1,3.0.7,docker.io/bitnami/kafka:2.2.1-debian-9-r12
ff12ce8acefecda74d19dfc5aa99929240b2c1d0,3.0.7,docker.io/bitnami/kafka:2.2.1-debian-9-r12
1cd024b7219ec9f549633a441a8ff3430c60f5f6,3.0.8,docker.io/bitnami/kafka:2.2.1-debian-9-r12
2ff52406734f73918a1fe6fb86bc9b84595e92fc,3.0.9,docker.io/bitnami/kafka:2.2.1-debian-9-r12
e06a248a50b510ef9575ef9013a16a8d8ff8caec,3.0.10,docker.io/bitnami/kafka:2.3.0-debian-9-r0
e04395cd8f368ec639ab0dd9a3bb64b6d2c8502e,3.0.11,docker.io/bitnami/kafka:2.3.0-debian-9-r1
6b0b69ca163bc2738730056305674c38dcd29b16,3.0.12,docker.io/bitnami/kafka:2.3.0-debian-9-r4
e211aa7d5587c080cff79ca85e61c639e56e6c82,3.0.13,docker.io/bitnami/kafka:2.3.0-debian-9-r4
4effe5c3b9ac9b90feff05a3efa24032523bca91,3.0.13,docker.io/bitnami/kafka:2.3.0-debian-9-r4
175cc9cdb244a259b8eb4376f20eb412903a53c1,3.0.12,docker.io/bitnami/kafka:2.3.0-debian-9-r4
6586ec32c010fa273d3a4cdb73eefd9e876e0e62,3.0.13,docker.io/bitnami/kafka:2.3.0-debian-9-r4
a7c0ad5c1e2bd210ba8aba66719dbbe0ccfd4023,3.0.13,docker.io/bitnami/kafka:2.3.0-debian-9-r4
775948eb27ccc5599262002b71f4982cc2b2dc8d,3.0.14,docker.io/bitnami/kafka:2.3.0-debian-9-r4
d031deec200c22884bdc912814b75717617fc21a,3.0.14,docker.io/bitnami/kafka:2.3.0-debian-9-r4
86872abf446ca99afb197caae5758dcdba860342,3.0.15,docker.io/bitnami/kafka:2.3.0-debian-9-r4
8e5940a9260dc722ae1a630a6b6e21df2502323f,3.0.16,docker.io/bitnami/kafka:2.3.0-debian-9-r4
1ce079c789a6c0f5174094af3ea6fb67b6c926fd,4.0.0,docker.io/bitnami/kafka:2.3.0-debian-9-r4
aede4d01e63635b0672fcf6c5936a2cf28656f07,4.0.1,docker.io/bitnami/kafka:2.3.0-debian-9-r4
e309e350097232b6f34ea1c8d33fbec9c657b656,4.0.1,docker.io/bitnami/kafka:2.3.0-debian-9-r4
72b7f57b1b8121f8e355a6e1a1cda436398101a1,4.0.2,docker.io/bitnami/kafka:2.3.0-debian-9-r4
92a50cc57adede1e37db4792777efe54bf614f12,4.0.2,docker.io/bitnami/kafka:2.3.0-debian-9-r4
494405ff3482eb49d7d306699555d91113550801,4.1.0,docker.io/bitnami/kafka:2.3.0-debian-9-r4
c699e9f2aed150351c8a7b21717b5a959ef2d2e3,4.1.0,docker.io/bitnami/kafka:2.3.0-debian-9-r4
ff54f7f999f0e4c10a22f7bd40d9dcd314c7937d,5.0.0,docker.io/bitnami/kafka:2.3.0-debian-9-r4
9c8252eb0f742f636a4f7f8e874cc0455fd813b4,5.0.1,docker.io/bitnami/kafka:2.3.0-debian-9-r4
0e8ffc2781a8d83329885549096e444fa9347a35,5.0.2,docker.io/bitnami/kafka:2.3.0-debian-9-r4
7ddc1afcaa6e962263f52f610817c92dd8e62208,5.0.2,docker.io/bitnami/kafka:2.3.0-debian-9-r4
6d065fff7c5f3097aed9948a63034e327e4cdd17,5.0.3,docker.io/bitnami/kafka:2.3.0-debian-9-r4
8d44d7dc8112fbcf3b5906ba2d2075cd3d7a7765,5.1.0,docker.io/bitnami/kafka:2.3.0-debian-9-r4
c2a0d8e049da902e383529d77dc5a917a6df9bb5,5.1.0,docker.io/bitnami/kafka:2.3.0-debian-9-r4
aa0294b246340ed44d76f8cac59338ee685fab5e,5.1.1,docker.io/bitnami/kafka:2.3.0-debian-9-r4
cdb4bdceda07e03f3902ec2796eab54d2c6f1650,5.1.1,docker.io/bitnami/kafka:2.3.0-debian-9-r4
9459dbbf98c5572f0b92cd3eef8e12ec83a48397,5.2.0,docker.io/bitnami/kafka:2.3.0-debian-9-r4
1872215effe0a6ff672537387684c8a97fb3093c,5.2.0,docker.io/bitnami/kafka:2.3.0-debian-9-r4
1d7f3df1250d8f3ba7b17add67de6515dd93f1e7,5.2.1,docker.io/bitnami/kafka:2.3.0-debian-9-r4
f41c19310b0aba01be37217e530b678ae30a560f,5.2.2,docker.io/bitnami/kafka:2.3.0-debian-9-r4
921e81153c755c5e06b86fbc54841c115f6e10bb,5.2.3,docker.io/bitnami/kafka:2.3.0-debian-9-r4
decd85ff9ee57beb656648918b1197b6d8b9d5af,5.2.3,docker.io/bitnami/kafka:2.3.0-debian-9-r4
ba7540920cacc401956ad0a579165259e339b162,5.2.4,docker.io/bitnami/kafka:2.3.0-debian-9-r65
b026a5a8cc78d17aee6a1e61e838851e557ef9b5,5.3.0,docker.io/bitnami/kafka:2.3.0-debian-9-r69
d930547ee29f92ab8732178ba255bb5bc206b0e9,6.0.0,docker.io/bitnami/kafka:2.3.0-debian-9-r69
ca634fe5cde82a55586ece8b38b1e397364afa21,5.4.0,docker.io/bitnami/kafka:2.3.0-debian-9-r69
0fb2f2bf265df432f873273a8469f6319eb0dbd7,5.3.0,docker.io/bitnami/kafka:2.3.0-debian-9-r69
4dfac075aacf74405e31ae5b27df4369e84eb0b0,5.3.1,docker.io/bitnami/kafka:2.3.0-debian-9-r69
dfd15af0a55202935e41b09bcbba3f581d1c25fd,5.3.2,docker.io/bitnami/kafka:2.3.0-debian-9-r69
4743d1c3f2b96e91841c62bb22c4651db83922c0,6.0.0,docker.io/bitnami/kafka:2.3.0-debian-9-r69
3a6d392add58c4dcf8d186e78f353f73426b9b05,6.0.0,docker.io/bitnami/kafka:2.3.0-debian-9-r88
bf127f01e40c17dfb3d1f44f4aaa0dff4fc6e005,6.0.0,docker.io/bitnami/kafka:2.3.0-debian-9-r88
8bb9e2b8a8c6f05f1cc0bb263706f893638fb11e,6.0.1,docker.io/bitnami/kafka:2.3.0-debian-9-r88
ab2b77488d4660f7372c2afea426a76c58362e3c,6.0.1,docker.io/bitnami/kafka:2.3.0-debian-9-r88
d19e7480ca38222058636eb3fc5e0aab96029fcb,6.0.2,docker.io/bitnami/kafka:2.3.0-debian-9-r88
8ab7211d8e303aee820ec86bbb41f703442a6756,6.1.0,docker.io/bitnami/kafka:2.3.0-debian-9-r88
e747047f53554f3b62f8c3bcd6d12d0b022e21ee,6.1.1,docker.io/bitnami/kafka:2.3.0-debian-9-r88
363224b11eb854e2033d3405e4b0a44a22321d5f,6.1.2,docker.io/bitnami/kafka:2.3.0-debian-9-r113
4705a98e346aae7e784ee27cd8c58d0f8e8411f3,6.1.3,docker.io/bitnami/kafka:2.3.0-debian-9-r113
47d948df2b54f447c7ea17d7578993b78c1e7438,6.1.3,docker.io/bitnami/kafka:2.3.0-debian-9-r114
8e6fa3bf7e3198954b6af507cf143fd4870c1c33,6.1.4,docker.io/bitnami/kafka:2.3.0-debian-9-r114
4356fffd7b387562baefebc1273eea6aae6369f9,6.1.5,docker.io/bitnami/kafka:2.3.1-debian-9-r0
8251aec5abd1145c303cd825a42a54b18764fd7b,6.1.5,docker.io/bitnami/kafka:2.3.1-debian-9-r0
0a82edc26f1f82e6a390d5f278fae064b4a5b312,6.1.6,docker.io/bitnami/kafka:2.3.1-debian-9-r0
9dd02861546a359c737fad7d5d749d061a381381,6.1.6,docker.io/bitnami/kafka:2.3.1-debian-9-r0
a9500d7a8d20dc801794f4eb96c23a4699df6421,6.1.6,docker.io/bitnami/kafka:2.3.1-debian-9-r0
e5af275236d647981b3454cc413dce541fd303a9,6.1.7,docker.io/bitnami/kafka:2.3.1-debian-9-r0
872e01e0e6ac8a265e412e1c6735afd9128bba6d,6.1.8,docker.io/bitnami/kafka:2.3.1-debian-9-r0
ee6bd4463af7ffc564da6aa76c2109680642957a,6.1.8,docker.io/bitnami/kafka:2.3.1-debian-9-r0
d53c26af44738bdda86889cf94cc1db73215d94a,6.1.8,docker.io/bitnami/kafka:2.3.1-debian-9-r0
137fb4395b7e9f732207e6de944d2abb705b0c5e,6.1.8,docker.io/bitnami/kafka:2.3.1-debian-9-r0
413daa10d818976755b685813cc97e1df77cbc5d,7.0.0,docker.io/bitnami/kafka:2.3.1-debian-9-r0
7cec7c75b57cf165ff4322b5bd6f33b25a77a997,7.0.0,docker.io/bitnami/kafka:2.3.1-debian-9-r0
379b2a9292b8501654652eb33aee68a3edb0d213,7.0.0,docker.io/bitnami/kafka:2.3.1-debian-9-r0
da33411d86a9f58e871d618bcd571cf172575077,7.0.1,docker.io/bitnami/kafka:2.3.1-debian-9-r0
f5e626f4f2522c48ba2002e079c6f74be16efefb,7.0.2,docker.io/bitnami/kafka:2.3.1-debian-9-r0
efd4eade867b8f45ea3da71f15ec1f57132ebee9,7.0.3,docker.io/bitnami/kafka:2.3.1-debian-9-r21
69dcd964cd7da9a24f656ddc835c345bb914b260,7.0.3,docker.io/bitnami/kafka:2.3.1-debian-9-r21
7994c7c754d377bc34bc1bfffbcdf0cc4ace4268,7.0.4,docker.io/bitnami/kafka:2.3.1-debian-9-r21
783300a0837e787b91187889ccdeb255108cf8ee,7.0.5,docker.io/bitnami/kafka:2.4.0-debian-9-r0
3a92f971cbbf3c9a5f13ec8206a85ecfca7fb9c5,7.0.5,docker.io/bitnami/kafka:2.4.0-debian-9-r0
ed3563167ceca3d9b56fddbed5a4bd06bdfd7069,7.1.0,docker.io/bitnami/kafka:2.4.0-debian-9-r0
8d67a6e9fb3d594cfbba0fbd28d83459bdde6523,7.1.0,docker.io/bitnami/kafka:2.4.0-debian-9-r0
e59513b09f53864ffc7cca98bc82beac388fc701,7.1.0,docker.io/bitnami/kafka:2.4.0-debian-9-r0
6871f823aa6f3f0f80b4f9ee9d1fa0a0bc6323d5,7.1.0,docker.io/bitnami/kafka:2.4.0-debian-9-r0
2f6c486b1077ea226b69f9e8b5ebbd11e683535e,7.1.0,docker.io/bitnami/kafka:2.4.0-debian-9-r0
57435f62364f3640a37df3aa02c3fc02b559e60c,7.1.0,docker.io/bitnami/kafka:2.4.0-debian-9-r0
ff80830427357d842e89a7ffcf4ae6212083e12c,7.1.0,docker.io/bitnami/kafka:2.4.0-debian-9-r0
a19825a96d1483e1ba5b4c9233bc0c01bed0194b,7.1.0,docker.io/bitnami/kafka:2.4.0-debian-9-r0
eb71120453b49fd1a4d2587db48b0944e50db089,7.1.0,docker.io/bitnami/kafka:2.4.0-debian-9-r0
3bf518220000eaf03c56f314840cb5610452e75e,7.1.0,docker.io/bitnami/kafka:2.4.0-debian-9-r0
b335a8797c3dd97852e71b4ccea5889e5a475500,7.1.0,docker.io/bitnami/kafka:2.4.0-debian-9-r0
7b1d0a1e6b8d3c842141de3743fbbb72c953ea78,7.1.1,docker.io/bitnami/kafka:2.4.0-debian-9-r0
94e6c6be65f6bd76cccc5e0aca7dd79597a40616,7.1.1,docker.io/bitnami/kafka:2.4.0-debian-9-r0
43d44d10f11d6ddf3bc7351fe64716a7516cf3c6,7.1.1,docker.io/bitnami/kafka:2.4.0-debian-9-r0
23fa845681b925bb2e96839d6a7df61b2989d55a,7.1.1,docker.io/bitnami/kafka:2.4.0-debian-9-r0
653ce1dec660a80307bc4fcdde8448563f415627,7.1.1,docker.io/bitnami/kafka:2.4.0-debian-9-r0
f516a0185a0f888aa9214f6c412b816a2dd67320,7.1.2,docker.io/bitnami/kafka:2.4.0-debian-9-r22
964afe482c5473dd58055432fd7618786e06a318,7.1.3,docker.io/bitnami/kafka:2.4.0-debian-10-r0
8dba9d1cb0d58dfa580c02231126da154b5814a6,7.2.0,docker.io/bitnami/kafka:2.4.0-debian-10-r0
b887560101cede566b054e6990d830fb7203c62a,7.2.0,docker.io/bitnami/kafka:2.4.0-debian-10-r0
136776bf40de8ebc7fcb7d46626e2227ac4347ad,7.2.0,docker.io/bitnami/kafka:2.4.0-debian-10-r0
32d9f637da450fb239c49925a96c83b31f1de317,7.2.0,docker.io/bitnami/kafka:2.4.0-debian-10-r0
02782c658580090e37a710aea34dc0303f88bf19,7.2.0,docker.io/bitnami/kafka:2.4.0-debian-10-r0
bf80f453cdf3e47223097c706eb27831acd12ffc,7.2.1,docker.io/bitnami/kafka:2.4.0-debian-10-r0
bd035aafe96a011345c936baee78dfacc9cd6d94,7.2.2,docker.io/bitnami/kafka:2.4.0-debian-10-r0
678febc237594606f2505ba98c651a8ab8f484ab,7.2.3,docker.io/bitnami/kafka:2.4.0-debian-10-r0
40ee57cf5164717357e1627b55bf25f59c40fbd1,7.2.3,docker.io/bitnami/kafka:2.4.0-debian-10-r0
76c5b6340284d898839fe652ad398c09aed6e67f,7.2.4,docker.io/bitnami/kafka:2.4.0-debian-10-r21
1fa6eb9f56ea7c47a7425a33417edb8eb366a180,7.2.5,docker.io/bitnami/kafka:2.4.0-debian-10-r21
95b5741c04cea5a7efea139b1664ef793a6ee43b,7.2.6,docker.io/bitnami/kafka:2.4.0-debian-10-r25
50650fa53ba0cfaa094b087f3acdcef08b80b71e,7.2.7,docker.io/bitnami/kafka:2.4.0-debian-10-r25
94f836fd6b0d3b09bb54a61d20edd7a8dcef95ca,7.2.8,docker.io/bitnami/kafka:2.4.0-debian-10-r25
d23d0b950eb75b1961500e27d867ac8923f2b9be,7.2.9,docker.io/bitnami/kafka:2.4.0-debian-10-r31
a4a1783d5dbf50b62dbc964867a9901d24f9f4b5,7.3.0,docker.io/bitnami/kafka:2.4.0-debian-10-r31
9cfee5cb8f63e3f97c8d69f0eef820710035c133,7.3.1,docker.io/bitnami/kafka:2.4.0-debian-10-r39
a0e44f7d6a10b8b5643186130ea420887cb72c7c,7.3.2,docker.io/bitnami/kafka:2.4.0-debian-10-r39
e1a260f1c3193d1423476cf7da4a53de00e31c5d,7.3.3,docker.io/bitnami/kafka:2.4.0-debian-10-r46
2528fed82dbb4db9234cd35118fdbf2b15418bd3,7.3.4,docker.io/bitnami/kafka:2.4.0-debian-10-r46
cae902490c36376c4eb901fb125a320d02f83e6e,7.3.5,docker.io/bitnami/kafka:2.4.1-debian-10-r0
5622f3120a2f5f8ed7bef73ced0c47e7133befc1,7.3.5,docker.io/bitnami/kafka:2.4.1-debian-10-r0
e039d2225fab85d508acf07c414ddc91d90cfc1c,7.4.0,docker.io/bitnami/kafka:2.4.1-debian-10-r0
d16062390bd38bd537b0d98bba50092f3e993452,8.0.0,docker.io/bitnami/kafka:2.4.1-debian-10-r4
cf70e8b2ff563bb7acd64e9d4c1b354cd2d69ba0,8.0.1,docker.io/bitnami/kafka:2.4.1-debian-10-r8
e85995f809d8d92d9eebbd05617070457708e152,9.0.0,docker.io/bitnami/kafka:2.4.1-debian-10-r12
a3847007a03b83712c6fc8a5836d69ac99ad0a54,9.0.1,docker.io/bitnami/kafka:2.4.1-debian-10-r12
524b338147034b6964d9ca76c23b9951f934e220,9.0.2,docker.io/bitnami/kafka:2.4.1-debian-10-r14
5026d5dbe3226473e6e940d1b2db69f56d8368dd,9.0.3,docker.io/bitnami/kafka:2.4.1-debian-10-r20
59b48d3b6997f30919f0ded003ec2c81c9c34751,9.0.4,docker.io/bitnami/kafka:2.4.1-debian-10-r21
8dde59cf119c782fca3349bd7451727290251edf,9.0.5,docker.io/bitnami/kafka:2.4.1-debian-10-r40
6fa1d098b46a924ffbde121e4ebbf051534e2520,9.0.6,docker.io/bitnami/kafka:2.4.1-debian-10-r41
33455f9f6afe227dd8cba92d7edcd7c2a9f3eadb,10.0.0,docker.io/bitnami/kafka:2.4.1-debian-10-r45
42a6a737df93c5d012658415f9fe6b1cff638707,10.1.0,docker.io/bitnami/kafka:2.4.1-debian-10-r47
0b1b9e3b2a27dbb904dcc89c5317e1175d3f39aa,10.1.1,docker.io/bitnami/kafka:2.4.1-debian-10-r50
b36a60158c476e3a128edfce8df7b80600a8e11e,10.2.0,docker.io/bitnami/kafka:2.4.1-debian-10-r50
e1b9c80816c939e0ea4f615112e110055d015169,10.2.1,docker.io/bitnami/kafka:2.4.1-debian-10-r58
040d3b6d8fac528ac8cdaade81a1dd71fcd1c481,10.2.2,docker.io/bitnami/kafka:2.5.0-debian-10-r0
5e14618f1c7eaf0dd7fcc1d75b2c980ec50b6c14,10.2.3,docker.io/bitnami/kafka:2.5.0-debian-10-r1
550110fdee477623b05bb7196f16c9fbcc1fd58a,10.2.4,docker.io/bitnami/kafka:2.5.0-debian-10-r7
a1f46a8b87c9f7ef6cd63f91175a113a3cce6be5,10.2.5,docker.io/bitnami/kafka:2.5.0-debian-10-r8
941a6474d1bf88895d3cd9f4d184de06894c489c,10.2.6,docker.io/bitnami/kafka:2.5.0-debian-10-r9
593112fd85a80be432d5a3f50215301b3868f33b,10.3.0,docker.io/bitnami/kafka:2.5.0-debian-10-r11
7e08a5a60cf30e0502156a5f68c1834b4300f1fc,10.3.1,docker.io/bitnami/kafka:2.5.0-debian-10-r16
a9adf1517fc1337a6a27fe2dc6eb9ee52904af02,10.3.2,docker.io/bitnami/kafka:2.5.0-debian-10-r16
f45f62270a7b9e91c5dbedacdacfd12eb5b72398,10.3.3,docker.io/bitnami/kafka:2.5.0-debian-10-r29
c7751eb5764e468e1854b58a1b8491d2b13e0a4a,10.3.3,docker.io/bitnami/kafka:2.5.0-debian-10-r29
ca74711aaf6000a2f9154d74b9904e66605f22d0,11.0.0,docker.io/bitnami/kafka:2.5.0-debian-10-r54
49ec1e116ed5cb12a71da7b2b598c2a6e8ed31aa,11.0.1,docker.io/bitnami/kafka:2.5.0-debian-10-r57
d310b3a3d555e0c852a0334bc318c74992e578b5,11.0.2,docker.io/bitnami/kafka:2.5.0-debian-10-r58
34a3d8d92695b61ca5c966d71242f95f98f496e2,11.1.0,docker.io/bitnami/kafka:2.5.0-debian-10-r59
06abd2b0e3611ebeff896e744b11a6a2464bd05b,11.1.1,docker.io/bitnami/kafka:2.5.0-debian-10-r62
a413699d7800652a4d1be450f692b7011c4be23c,11.1.2,docker.io/bitnami/kafka:2.5.0-debian-10-r63
5152ee7fa3722abce307b61dd72b867bd353656c,11.2.0,docker.io/bitnami/kafka:2.5.0-debian-10-r66
068efd93b3afde84059d7159a6323a10881a6866,11.2.1,docker.io/bitnami/kafka:2.5.0-debian-10-r69
1e8738c5a99e1a04802ed62d322bf22eb36e25e9,11.2.2,docker.io/bitnami/kafka:2.5.0-debian-10-r71
e7d5d767409fc8b34a3f6f2f60d45bb662a8775e,11.2.3,docker.io/bitnami/kafka:2.5.0-debian-10-r71
30a9d12d6eb6e09567047d66a5fb1615322e9c84,11.2.4,docker.io/bitnami/kafka:2.5.0-debian-10-r76
e750b87eb6778e1d104045dc2462b98bf4b12825,11.3.0,docker.io/bitnami/kafka:2.5.0-debian-10-r76
39e03162ed1bea5cf42247b69303027d9eb74175,11.3.1,docker.io/bitnami/kafka:2.5.0-debian-10-r78
bade53ed0fc88e2e90f6a41006ceabbe3fdaa42a,11.3.2,docker.io/bitnami/kafka:2.5.0-debian-10-r84
b834cc97b2b2fc799fe14351d9678cbc39e275a8,11.3.3,docker.io/bitnami/kafka:2.5.0-debian-10-r84
635a5149c7797d53144b3c120eff703a30be099a,11.3.4,docker.io/bitnami/kafka:2.5.0-debian-10-r91
63bde066b87a140fab52264d0522401ab3d63509,11.3.4,docker.io/bitnami/kafka:2.5.0-debian-10-r91
07a0dad896365b30c0ccfe3bb9e9a9ee6c5eb498,11.4.0,docker.io/bitnami/kafka:2.5.0-debian-10-r91
0bbfff92d85a923656cb4e9a4b9d17e8083c7f89,11.4.1,docker.io/bitnami/kafka:2.5.0-debian-10-r94
f357326ed934cb94270e291a1ba83d8495bf6698,11.5.0,docker.io/bitnami/kafka:2.5.0-debian-10-r94
940a61741b353a1badad73f8f2cc4226e0cf7556,11.5.1,docker.io/bitnami/kafka:2.5.0-debian-10-r96
8ea744abed5bed174828f7972817923735c0ada3,11.6.0,docker.io/bitnami/kafka:2.5.0-debian-10-r96
37b355bb9f8f2663fc82e0de9b242b93ba3f8820,11.6.1,docker.io/bitnami/kafka:2.5.0-debian-10-r96
6b94839ba4cf2a3d7ff8b392c6597dfe1d7c074e,11.6.2,docker.io/bitnami/kafka:2.5.0-debian-10-r96
8cc2cea18e2558eb0b73b62bfe9d2ff7b690459f,11.6.3,docker.io/bitnami/kafka:2.5.0-debian-10-r96
c004e42f36834b96b2ac351c7396751a2ccb58dd,11.6.4,docker.io/bitnami/kafka:2.5.0-debian-10-r96
5de4d92b98386c160f90b4f1a65186fb0e39971b,11.6.5,docker.io/bitnami/kafka:2.5.0-debian-10-r107
3d7ab406fecd64f1af25f53e7d27f03ec95b29a4,11.6.5,docker.io/bitnami/kafka:2.5.0-debian-10-r107
de7c0772806b35d78b3dbee4c5e47dc83c5c9d00,11.6.6,docker.io/bitnami/kafka:2.5.0-debian-10-r107
c033cbd8e9848b24c55ee594d84df99edbb16530,11.7.0,docker.io/bitnami/kafka:2.5.0-debian-10-r107
84fe78e17b9953cd3492510dccfb3f8b45a73751,11.7.1,docker.io/bitnami/kafka:2.5.0-debian-10-r107
19759aa04e489af2e50a92c328a5a32b2eebf5ff,11.7.2,docker.io/bitnami/kafka:2.5.0-debian-10-r107
ab0d4c00161c7c2509fc26bf643ac91baa4b18a9,11.7.3,docker.io/bitnami/kafka:2.6.0-debian-10-r0
5e38c481eb04dff0c19c160e3df0bf5865694cd0,11.8.0,docker.io/bitnami/kafka:2.6.0-debian-10-r0
bb9c09eb78551a103f018af3af32e75318156dfc,11.8.1,docker.io/bitnami/kafka:2.6.0-debian-10-r0
6b861b17f4f9b5a6c3450585afb5da6fdc009d77,11.8.2,docker.io/bitnami/kafka:2.6.0-debian-10-r0
553783f6a3437719e2b17a3f485047ad0ab73a3b,11.8.3,docker.io/bitnami/kafka:2.6.0-debian-10-r0
1ed12f96af75322b46afdb2b3d9907c11b13f765,11.8.3,docker.io/bitnami/kafka:2.6.0-debian-10-r0
591c45810b0756ad8513dd1ea3c0d37be8c81eea,11.8.4,docker.io/bitnami/kafka:2.6.0-debian-10-r18
34ed2fba214d2459eaa9bca218963c52e223e28d,11.8.5,docker.io/bitnami/kafka:2.6.0-debian-10-r30
ed8cbbaaa50ad869d76430c1948d56f1df9bf6bd,11.8.6,docker.io/bitnami/kafka:2.6.0-debian-10-r30
d6b3ff9a210906c99d0733df70a7e401df7d31f5,11.8.7,docker.io/bitnami/kafka:2.6.0-debian-10-r30
42a9bd512093b2977e5faeaaa0f7e3a59170a8ff,11.8.8,docker.io/bitnami/kafka:2.6.0-debian-10-r57
c08a20e3db004215383004ff023a73fcc2522e72,11.8.8,docker.io/bitnami/kafka:2.6.0-debian-10-r57
ae1068771d9928b153d7fe7a60598650366b4b9d,11.8.9,docker.io/bitnami/kafka:2.6.0-debian-10-r57
32625a9f26a70f3aff20f8c5aebd7a8ec3e75f54,12.0.0,docker.io/bitnami/kafka:2.6.0-debian-10-r78
fb83c6088ee0a841caf2e6ff42074dd5d27cdea2,12.1.0,docker.io/bitnami/kafka:2.6.0-debian-10-r78
be46cb1e466088698506b23f5a98bde96eb10434,12.1.0,docker.io/bitnami/kafka:2.6.0-debian-10-r78
934259f78127c53c747dfff5e5df9f67738ec79c,12.2.0,docker.io/bitnami/kafka:2.6.0-debian-10-r78
17d7250fba350b2e311bca83c61f9746cc765ee9,12.2.1,docker.io/bitnami/kafka:2.6.0-debian-10-r78
ce1bb7346be2c53bd9b2db0f35200bd948e765bb,12.2.2,docker.io/bitnami/kafka:2.6.0-debian-10-r78
e2846682a1593e40e0d3e5c57b2004b4324056d9,12.2.3,docker.io/bitnami/kafka:2.6.0-debian-10-r78
b363798688645342ed9f8588c13615458f017974,12.2.4,docker.io/bitnami/kafka:2.6.0-debian-10-r78
4e1edc8ac898660d84dca5cfec6bdaee37012861,12.3.0,docker.io/bitnami/kafka:2.6.0-debian-10-r78
2826c125b42505f28431301e3c1bbe5366e47a01,12.3.1,docker.io/bitnami/kafka:2.6.0-debian-10-r78
ce525ba8e3f54c51b3dc2ae88495f1f749e22e37,12.3.2,docker.io/bitnami/kafka:2.6.0-debian-10-r106
49adc63b672da976c55af2e077aa5648a357b77f,12.3.2,docker.io/bitnami/kafka:2.6.0-debian-10-r106
f4eb7172411355ba3ebf164e05ecaa37dbb2f5c2,12.4.0,docker.io/bitnami/kafka:2.6.0-debian-10-r106
de794fe7a9d549d781a6e5626744e385697eae9f,12.4.1,docker.io/bitnami/kafka:2.7.0-debian-10-r0
d013f37e89f9e1111efcb334607a3aceb7569e1d,12.4.1,docker.io/bitnami/kafka:2.7.0-debian-10-r0
c264ac79d6e71364cbdfade94813a2a5840ca9eb,12.4.2,docker.io/bitnami/kafka:2.7.0-debian-10-r1
86b98162b81dccc144615f0c5bd5313e7e57c905,12.4.3,docker.io/bitnami/kafka:2.7.0-debian-10-r1
4f6966c1ac7f1838f3c6f8e69710d50768d377ff,12.5.0,docker.io/bitnami/kafka:2.7.0-debian-10-r1
de6e0cdc922c61a299e5237f2b32cd6c24d6e98e,12.5.0,docker.io/bitnami/kafka:2.7.0-debian-10-r1
971ed6d8e1babac2836947db45f0d88156b2207c,12.6.0,docker.io/bitnami/kafka:2.7.0-debian-10-r1
7baeea1cb66be576cb27be8ddc955df8f666cf0c,12.6.1,docker.io/bitnami/kafka:2.7.0-debian-10-r1
c5e67a388743cbee28439d2cabca27884b9daf97,12.6.1,docker.io/bitnami/kafka:2.7.0-debian-10-r1
6152d300216ab9dc837a8632307c4086c628fe0b,12.6.2,docker.io/bitnami/kafka:2.7.0-debian-10-r1
4dc2315619dab725d0aba828692fbb39ec3caea3,12.6.2,docker.io/bitnami/kafka:2.7.0-debian-10-r1
d7a8d33b447b051767d8f35f5ae0b57c2226c802,12.6.3,docker.io/bitnami/kafka:2.7.0-debian-10-r29
0462921418ca8d54308b7466197a6d53ffae4628,12.6.4,docker.io/bitnami/kafka:2.7.0-debian-10-r29
b13319be9067603d440b4c7740e6d2b1ec8eab57,12.6.5,docker.io/bitnami/kafka:2.7.0-debian-10-r29
e94bd279405a52c840ad9d05b767af8c355763ee,12.7.0,docker.io/bitnami/kafka:2.7.0-debian-10-r29
deaafe87eccc4ba90abe1dd917f1e0003832a1a9,12.7.0,docker.io/bitnami/kafka:2.7.0-debian-10-r29
5aae6fafa341b7ac8b6613a2ff7b6567e88e2565,12.7.1,docker.io/bitnami/kafka:2.7.0-debian-10-r29
4276aaa210ff915223e810cfc6725a7807f6ed3f,12.7.2,docker.io/bitnami/kafka:2.7.0-debian-10-r34
7dd4eec01cf886f5da56f17ef9038b518f8867e8,12.7.3,docker.io/bitnami/kafka:2.7.0-debian-10-r35
a4b3ba974a0c56dd7531444f11a1b825863126af,12.7.4,docker.io/bitnami/kafka:2.7.0-debian-10-r35
56f20884267e56175695b2917f7704b9510f4ba6,12.7.5,docker.io/bitnami/kafka:2.7.0-debian-10-r35
c5066aad9484d609685cda5a2cad940f632ae00f,12.7.5,docker.io/bitnami/kafka:2.7.0-debian-10-r35
5f1d51b54bbfb3d8f6aec77145a32c09fb69da64,12.7.6,docker.io/bitnami/kafka:2.7.0-debian-10-r35
936702f00db6171f7ca45c9b8cf9b5327882f566,12.8.0,docker.io/bitnami/kafka:2.7.0-debian-10-r35
ec76369dec2948a2b14e5a05b6156ff75384b389,12.9.0,docker.io/bitnami/kafka:2.7.0-debian-10-r35
8e8096321d42584601bc4475869a1bc9d7ec0423,12.9.1,docker.io/bitnami/kafka:2.7.0-debian-10-r35
297bbcb467342ca82d849b67a8de6965876a0293,12.9.2,docker.io/bitnami/kafka:2.7.0-debian-10-r64
71fb99f541e971b1daafaa20ffb7d18b153b8d60,12.9.3,docker.io/bitnami/kafka:2.7.0-debian-10-r64
5e600624c066378c5fc6393348894f2a0ebfda7d,12.9.4,docker.io/bitnami/kafka:2.7.0-debian-10-r64
5b7694c5dc2b13a13549b363114c1888c0ffb218,12.9.5,docker.io/bitnami/kafka:2.7.0-debian-10-r68
870bc4dba1fc3aa55dd157da6687b25e8d352206,12.9.6,docker.io/bitnami/kafka:2.7.0-debian-10-r68
5ba7a1d33ec0d00182130e3bc771863ea99f7cf4,12.10.0,docker.io/bitnami/kafka:2.7.0-debian-10-r68
0d8b40033b14ed799ffefdae5a3a5870ae882747,12.11.0,docker.io/bitnami/kafka:2.7.0-debian-10-r68
92d67eb89233b2ef3699242f7b25d0d780b1d37c,12.11.1,docker.io/bitnami/kafka:2.7.0-debian-10-r68
b437fef9f239496aed9cabfe55c42fd82171b160,12.12.0,docker.io/bitnami/kafka:2.7.0-debian-10-r90
f5f495102207764e676f07c68331ee80cfbe6e13,12.12.0,docker.io/bitnami/kafka:2.7.0-debian-10-r90
8a760ec280004da3f5260f5e334d023b8fe7fbad,12.12.1,docker.io/bitnami/kafka:2.7.0-debian-10-r90
3d496c4a924b7165625c01d7f9728cb33ee69262,12.12.2,docker.io/bitnami/kafka:2.7.0-debian-10-r90
882de69bdb8927b26344d89e5b5e278abfbe468a,12.13.0,docker.io/bitnami/kafka:2.7.0-debian-10-r90
ecc608a66f49d387dabce5adb697c67544388195,12.13.1,docker.io/bitnami/kafka:2.7.0-debian-10-r95
e105226d0a84386a38b648be2577ff00cd0c594a,12.13.2,docker.io/bitnami/kafka:2.7.0-debian-10-r95
467cf6ffaafa1bb1ae0033e752d037c7c989c23b,12.13.3,docker.io/bitnami/kafka:2.7.0-debian-10-r100
2ce5c75b6df91102b7daf8f23e3fd714fcdf5c18,12.14.0,docker.io/bitnami/kafka:2.7.0-debian-10-r100
49c71a3ad68a8d450a2093af1e7eabb758781e60,12.14.1,docker.io/bitnami/kafka:2.7.0-debian-10-r100
7fdb7d1ca40789814dcac396939104c19536bd4e,12.15.0,docker.io/bitnami/kafka:2.7.0-debian-10-r100
3c28601a7003f552b55844a78ab36fb10aa7336f,12.15.1,docker.io/bitnami/kafka:2.7.0-debian-10-r100
3596309a6d0cc39774b650c020f31bb41835c8c4,12.16.0,docker.io/bitnami/kafka:2.7.0-debian-10-r100
7359c59a4bdbf92091e725b3a9df1fb702c46151,12.16.1,docker.io/bitnami/kafka:2.7.0-debian-10-r109
bc0df93937d4e5b23f936eccd0e2cb3e00fbf065,12.16.2,docker.io/bitnami/kafka:2.7.0-debian-10-r109
f07241e9685de2da83557748f1f85df3886a1f38,12.17.0,docker.io/bitnami/kafka:2.7.0-debian-10-r109
6b26c46ac3f1b2346699357dd37a1bbf11c7313e,12.17.1,docker.io/bitnami/kafka:2.7.0-debian-10-r109
7937b208f0c95c1f46ab606e40da28ebe21d9055,12.17.2,docker.io/bitnami/kafka:2.7.0-debian-10-r109
f789fc320fc321c69b0f7ce862d9e39cf818abf5,12.17.3,docker.io/bitnami/kafka:2.7.0-debian-10-r118
bc6d4e8be5cc85c05d57052618c79249a1df2cfc,12.17.4,docker.io/bitnami/kafka:2.8.0-debian-10-r0
476849111a5477e056db1f544df0487e42e3603d,12.17.5,docker.io/bitnami/kafka:2.8.0-debian-10-r0
93c583ae38e242dec1df91c9dd299af12cf503e8,12.17.5,docker.io/bitnami/kafka:2.8.0-debian-10-r0
ee5597c86b1cd3587fb50feb1dbc7518195c8cab,12.17.6,docker.io/bitnami/kafka:2.8.0-debian-10-r0
dad6d3857f54132e32b5860cd454129bc8b781fe,12.18.0,docker.io/bitnami/kafka:2.8.0-debian-10-r0
4e40b8a89d0d1c4fe598543876c429f85cb6dcd3,12.18.1,docker.io/bitnami/kafka:2.8.0-debian-10-r24
3bc0244a258627cd3947f95796a741fb3d8ca9b4,12.18.2,docker.io/bitnami/kafka:2.8.0-debian-10-r26
df20fdabd3d917fda9f70a4bf5be5cf89908813c,12.18.3,docker.io/bitnami/kafka:2.8.0-debian-10-r27
0cd34672119a212b10ad098ed9d8a23373e3b5b6,12.19.0,docker.io/bitnami/kafka:2.8.0-debian-10-r27
6c78705286693cbaca78c2691b7348a096f5bf05,12.19.0,docker.io/bitnami/kafka:2.8.0-debian-10-r27
a8dca07acf8e986d5a79f8eaaa585ddae1400ac9,12.19.1,docker.io/bitnami/kafka:2.8.0-debian-10-r27
f3c73a49ebba67b957b345df2723e7fa8069cfb5,12.19.2,docker.io/bitnami/kafka:2.8.0-debian-10-r30
d2c2576c59b527deace1df19345e0ad94230ed66,12.20.0,docker.io/bitnami/kafka:2.8.0-debian-10-r30
b6f75f4f646578fd6945fc4e041a6e96cad9c8e7,13.0.0,docker.io/bitnami/kafka:2.8.0-debian-10-r30
62a0ebe745dfa326302aedb7cb5e3431e678fdf7,13.0.1,docker.io/bitnami/kafka:2.8.0-debian-10-r42
b7bcf26c8a89214f1ee8bcffa45a2ba55d344343,13.0.2,docker.io/bitnami/kafka:2.8.0-debian-10-r43
8ebbf6e0af566e05e794562d9a4d1e4f73ce1502,13.0.3,docker.io/bitnami/kafka:2.8.0-debian-10-r43
9791b490d907d9436d79a60a098d599c2fdc7b18,13.0.4,docker.io/bitnami/kafka:2.8.0-debian-10-r55
f1344b0361c5a93bf971d08f0fc64d3c8588cbf9,13.1.0,docker.io/bitnami/kafka:2.8.0-debian-10-r55
4c867335c5c9c5aba041868df16ebb8f64ac68bd,13.1.1,docker.io/bitnami/kafka:2.8.0-debian-10-r55
cd031e446ad684fffb3df6cea5974f19b6811f58,13.1.2,docker.io/bitnami/kafka:2.8.0-debian-10-r55
390f9fb71cf774e5000d9943020e35a3ee6c491d,13.1.3,docker.io/bitnami/kafka:2.8.0-debian-10-r57
fe91297fdf3f6c74aee31c423912e4ac19b55c94,13.1.4,docker.io/bitnami/kafka:2.8.0-debian-10-r57
d313965223c775e9f2dbac3a20c1d3d96bbb50f5,13.1.5,docker.io/bitnami/kafka:2.8.0-debian-10-r57
44961d9cdfae1b0d06808124c4b47e8adc3de146,13.1.5,docker.io/bitnami/kafka:2.8.0-debian-10-r57
43e4eee921209ca662c7902668b09b3b1a1d28a9,14.0.0,docker.io/bitnami/kafka:2.8.0-debian-10-r57
5f528e8eb661b2c988d981b69c9e873005bc5668,14.0.1,docker.io/bitnami/kafka:2.8.0-debian-10-r61
6c107e835d6caf8db2e8b17dcd48c5971637e013,14.0.1,docker.io/bitnami/kafka:2.8.0-debian-10-r61
9023ccf8d82f00b833fd5331709cdcdf9e403d2f,14.0.2,docker.io/bitnami/kafka:2.8.0-debian-10-r76
fc25fc558c2402fc96df0998d9d34b0484ab1bf2,14.0.3,docker.io/bitnami/kafka:2.8.0-debian-10-r76
6c9124f79491aa65f53a87c1ed598b47ffa8b411,14.0.3,docker.io/bitnami/kafka:2.8.0-debian-10-r76
1af0f0d7ef33c3c98bd9e2f63829df4e6d008657,14.0.4,docker.io/bitnami/kafka:2.8.0-debian-10-r83
da2513bf0a33819f3b1151d387c631a9ffdb03e2,14.0.4,docker.io/bitnami/kafka:2.8.0-debian-10-r83
3d44c6b375de2aab19269dfd74fd1c7971bdc5d5,14.0.5,docker.io/bitnami/kafka:2.8.0-debian-10-r84
64d5d747b84299ca9f63ea8a586b13870abe31a6,14.0.5,docker.io/bitnami/kafka:2.8.0-debian-10-r84
b2a1fb84ca79e1ddeb8cb0f292e62b84729b2072,14.1.0,docker.io/bitnami/kafka:2.8.0-debian-10-r84
c01cbe5e3bfe8a5f8545107f9c8d99a58d0e6832,14.1.0,docker.io/bitnami/kafka:2.8.0-debian-10-r84
ad605b4f287c35b8e8747ccda7c9ffda6260e2ea,14.1.1,docker.io/bitnami/kafka:2.8.1-debian-10-r0
bd0f8f2f281fed642259508be21a57af1cfa5c2b,14.1.1,docker.io/bitnami/kafka:2.8.1-debian-10-r0
1f4a2da3e57542d48a1a409e0418e11c8ccc3bfd,14.2.0,docker.io/bitnami/kafka:2.8.1-debian-10-r0
e5ab2e6ecdd6bce800863f154cda524ff9f6c117,14.2.0,docker.io/bitnami/kafka:2.8.1-debian-10-r0
1279593765044df99902bfee8dcfaeb60e95f125,14.2.1,docker.io/bitnami/kafka:2.8.1-debian-10-r0
ef9156ec08ec84227692cc3e9ed977dae712b51b,14.2.1,docker.io/bitnami/kafka:2.8.1-debian-10-r0
194a909268377a6820d91f788c0380f427637ce6,14.2.1,docker.io/bitnami/kafka:2.8.1-debian-10-r0
fe7b30db5a8eeac2b3ad43b6813b4c0aa8ecb28b,14.2.1,docker.io/bitnami/kafka:2.8.1-debian-10-r0
9711a33c6eec72ea79143c4b7574dbe6a148d6b2,14.2.2,docker.io/bitnami/kafka:2.8.1-debian-10-r0
d629a32e2ce943a99cc1bae510ed5ce431de9840,14.2.3,docker.io/bitnami/kafka:2.8.1-debian-10-r25
70da75e6fcc7d152614a8995e4b722cd7e82b426,14.2.3,docker.io/bitnami/kafka:2.8.1-debian-10-r25
a6751cdd33c461fabbc459fbea6f219ec64ab6b2,14.2.4,docker.io/bitnami/kafka:2.8.1-debian-10-r25
c8f657fca842ea53a76a7b34fb92420080bd02ad,14.2.5,docker.io/bitnami/kafka:2.8.1-debian-10-r31
6e3fb954296a91f83fc1654d77109e5ef4fb6dc0,14.2.5,docker.io/bitnami/kafka:2.8.1-debian-10-r31
1f4027e908290ba6b1553fe1accda056ad3478be,14.2.6,docker.io/bitnami/kafka:2.8.1-debian-10-r31
c4e5c940d480211dd6cc50abaea33d488e8cde1d,14.3.0,docker.io/bitnami/kafka:2.8.1-debian-10-r31
39f1adbd7f0c1a0c0fd91ca17f75523e3fef62f9,14.4.0,docker.io/bitnami/kafka:2.8.1-debian-10-r31
e6f742cb88c330952cb52da038db61537ec921e5,14.4.0,docker.io/bitnami/kafka:2.8.1-debian-10-r31
eea9cf2090dd25f88aa131053e204e30d2fbcc7e,14.4.1,docker.io/bitnami/kafka:2.8.1-debian-10-r31
3d7ca74b3b732b0620497ae7b399545117510209,14.4.1,docker.io/bitnami/kafka:2.8.1-debian-10-r31
99e90d244b3244e059a42f72dcbecd3cda2b66bb,14.4.1,docker.io/bitnami/kafka:2.8.1-debian-10-r31
adfdfa86283f72d91ea7658cb2044c05f045befe,14.4.2,docker.io/bitnami/kafka:2.8.1-debian-10-r57
eafb5bd5a2cc3aaf04fc1e8ebedd73f420d76864,14.4.3,docker.io/bitnami/kafka:2.8.1-debian-10-r57
8150149f0bb746e86ff0029fc375d43775bdf15a,14.4.3,docker.io/bitnami/kafka:2.8.1-debian-10-r57
ae92f76e10e243f6a3b9f5aefe74091bb6a701b3,14.5.0,docker.io/bitnami/kafka:2.8.1-debian-10-r57
13aa12bdc44c1a9f4170eaed018079dbc407b84b,14.5.1,docker.io/bitnami/kafka:2.8.1-debian-10-r57
7965edb8636e986327b84f06aff4a3b7bd1a25c4,14.6.0,docker.io/bitnami/kafka:2.8.1-debian-10-r57
cffa86698fd01ec4b1e93a9c09e183934f73829a,14.7.0,docker.io/bitnami/kafka:2.8.1-debian-10-r57
697e83259ee03a84e7411351cc4194e8b2130eeb,14.7.1,docker.io/bitnami/kafka:2.8.1-debian-10-r73
c30197dbd7179018eb13f41c98d648c598cbd9c5,14.8.0,docker.io/bitnami/kafka:2.8.1-debian-10-r73
94bc49b9bbb2fc59c96c9686140d2f5961a52a37,14.8.1,docker.io/bitnami/kafka:2.8.1-debian-10-r73
b87c2f7899d48a8b02c506765e6ae82937e9ba3f,14.8.1,docker.io/bitnami/kafka:2.8.1-debian-10-r73
32fb238e60a0affc6debd3142eaa3c3d9089ec2a,14.8.1,docker.io/bitnami/kafka:2.8.1-debian-10-r73
05f763372501d596e57db713dd53ff4ff3027cc4,14.8.1,docker.io/bitnami/kafka:2.8.1-debian-10-r73
8cad18aed9966a6f0208e5ad6cee46cb217f47ab,14.9.0,docker.io/bitnami/kafka:2.8.1-debian-10-r73
109571bfa85a23751fa6b6247750e33576fae99f,14.9.1,docker.io/bitnami/kafka:2.8.1-debian-10-r99
78d193831c900d178198491ffd08fa2217a64ecd,14.9.1,docker.io/bitnami/kafka:2.8.1-debian-10-r99
b9a953337590eb2979453385874a267bacf50936,14.9.1,docker.io/bitnami/kafka:2.8.1-debian-10-r99
8d740c566cfdb7e2d933c40128b4e919fce953a5,14.9.2,docker.io/bitnami/kafka:2.8.1-debian-10-r99
aec00b4484448bda66790bd13111c436470e3246,14.9.3,docker.io/bitnami/kafka:2.8.1-debian-10-r99
a0732d72b5fa5cd21f8568948065c99ea429c617,15.0.0,docker.io/bitnami/kafka:3.0.0-debian-10-r97
27836251f8e7c016f171ad2f538581ecd4ed6b92,15.0.1,docker.io/bitnami/kafka:3.1.0-debian-10-r0
aebe0ed63d845e1e2b38751103810adf200b18f5,15.0.1,docker.io/bitnami/kafka:3.1.0-debian-10-r0
4d0be3ee7104013fa972f070a4fb1dbfb15da010,15.0.2,docker.io/bitnami/kafka:3.1.0-debian-10-r0
62a53a86c83cac8a77353e22976c9731851ac649,15.0.3,docker.io/bitnami/kafka:3.1.0-debian-10-r8
994bcd268a425bc31e4ceb55893f044199037f17,15.0.4,docker.io/bitnami/kafka:3.1.0-debian-10-r8
119656c514073e6b55108084ed3ce590cb38d886,15.0.5,docker.io/bitnami/kafka:3.1.0-debian-10-r8
f5e8d0be109a569a96700a4dd32f59a34e81cc8a,15.1.0,docker.io/bitnami/kafka:3.1.0-debian-10-r14
0dc3f89b08da451ab95bdf4f04125562c6c136d6,15.1.1,docker.io/bitnami/kafka:3.1.0-debian-10-r14
a8028ded2e107e9a16c7225b2a90c4119a785cd9,15.2.0,docker.io/bitnami/kafka:3.1.0-debian-10-r14
cf8044446270213d6a4a4b2737b07d3214a20d3c,15.2.1,docker.io/bitnami/kafka:3.1.0-debian-10-r20
be26f177570dd6bbcef1435d9c9fd2b2b7e7d797,15.2.3,docker.io/bitnami/kafka:3.1.0-debian-10-r20
b192405eb31fa5a9d8265bd7aa4983b9429643b9,15.3.0,docker.io/bitnami/kafka:3.1.0-debian-10-r20
e9284763d444a278d2c7d052f64e3d307757d855,15.3.1,docker.io/bitnami/kafka:3.1.0-debian-10-r20
e511753c1acb7865af966fcc75f18819ee1af339,15.3.1,docker.io/bitnami/kafka:3.1.0-debian-10-r20
5662ba91f5d67af2bb52a3404a39ab6f1ca4008c,15.3.2,docker.io/bitnami/kafka:3.1.0-debian-10-r20
f752d8873ab5bb7e57eee93bec84f4250ec66bfc,15.3.3,docker.io/bitnami/kafka:3.1.0-debian-10-r29
95b532989c837903a6dc279f4c64252dd8136de5,15.3.4,docker.io/bitnami/kafka:3.1.0-debian-10-r31
a041f6b0ff2dea82b3d030cb99454cede94dbc9a,15.3.5,docker.io/bitnami/kafka:3.1.0-debian-10-r31
caae35af789def0857f0e099e85138995787a761,15.3.6,docker.io/bitnami/kafka:3.1.0-debian-10-r31
b9eb6e0057e0e35035e1cc45adebdf6bf3ba14fc,15.3.7,docker.io/bitnami/kafka:3.1.0-debian-10-r31
8639cf9b1de71601532732df575f7db2b614c0fd,15.3.8,docker.io/bitnami/kafka:3.1.0-debian-10-r40
a7aa286e7bec0dcc58a02c526345d98a77f0969a,15.4.0,docker.io/bitnami/kafka:3.1.0-debian-10-r40
8ca470633c837f8f23cace5e38e263b226a87622,15.4.1,docker.io/bitnami/kafka:3.1.0-debian-10-r46
4adf8d672f182852553dda4b7b3ad7a23f7dde19,15.4.2,docker.io/bitnami/kafka:3.1.0-debian-10-r48
cb64d462672f5993acd50fb4c36635aeb5145dbb,15.4.3,docker.io/bitnami/kafka:3.1.0-debian-10-r49
801091d19094431ad2940b5cbfa0e8e2b57d8dff,15.5.0,docker.io/bitnami/kafka:3.1.0-debian-10-r49
1fdd2283f0e5a8772e4a763b455733c77e01b119,15.5.1,docker.io/bitnami/kafka:3.1.0-debian-10-r52
5fa146a7dca020d3814c0584bd64b868005524d3,16.0.0,docker.io/bitnami/kafka:3.1.0-debian-10-r56
7fdd75ea7a91a327acdad46a4cfb084f9111e827,16.1.0,docker.io/bitnami/kafka:3.1.0-debian-10-r56
16a191a6ebec2a9124d83fffcf777150ede35c7d,16.1.1,docker.io/bitnami/kafka:3.1.0-debian-10-r58
7f5b5e7147cfd7705c54d365e4f4493f3c5304b8,16.1.2,docker.io/bitnami/kafka:3.1.0-debian-10-r59
ce63b28979f41989210701fd2c33da37b69ee9a0,16.1.3,docker.io/bitnami/kafka:3.1.0-debian-10-r60
5f0728db4d5cfef02294bf5eea05d6e49c7b20a5,16.2.0,docker.io/bitnami/kafka:3.1.0-debian-10-r60
8abde334bf2f27317615a3a42faf143ee6e69d66,16.2.1,docker.io/bitnami/kafka:3.1.0-debian-10-r64
e168391d2fd700d916302282f45d10944808d963,16.2.2,docker.io/bitnami/kafka:3.1.0-debian-10-r65
701f434439babb9dde54fd6e99e4e41ee0b9c079,16.2.3,docker.io/bitnami/kafka:3.1.0-debian-10-r68
123d19a2a45e0c6dbc8665b6d684f70c8b18650e,16.2.4,docker.io/bitnami/kafka:3.1.0-debian-10-r81
c3d53445a3f3071fa312d4dab8335a16af58fa15,16.2.5,docker.io/bitnami/kafka:3.1.0-debian-10-r82
a40de81657df99303a9e9bce5245b216f838fde4,16.2.6,docker.io/bitnami/kafka:3.1.0-debian-10-r84
10543158291defa6ef5e0c44d9cf2836cf1e0593,16.2.7,docker.io/bitnami/kafka:3.1.0-debian-10-r85
58f7748479c906fae4310c20bb2bbfe2a89e2fb1,16.2.8,docker.io/bitnami/kafka:3.1.0-debian-10-r89
d13421db896ce1fcfaca67f70faca9bae46419df,16.2.9,docker.io/bitnami/kafka:3.1.0-debian-10-r89
13eaa3fdfd8e27317c99d0eef5747e3cca357a26,16.2.10,docker.io/bitnami/kafka:3.1.0-debian-10-r89
648e5f33b7eccbadaf7af967d4c24b435691da5d,16.2.10,docker.io/bitnami/kafka:3.1.0-debian-10-r89
990eb852f459aa9995310ded2b269ca0f89a2934,16.2.11,docker.io/bitnami/kafka:3.1.0-debian-10-r89
5df30c44dbd1812da8786579ce4a94917d46a6ad,16.2.11,docker.io/bitnami/kafka:3.1.0-debian-10-r89
26502141d146ca3bdfb3bf744fcdec8ca5cece44,16.2.12,docker.io/bitnami/kafka:3.1.0-debian-10-r89
51836a3f79566d9808b2a8188fef1c4d2db1cf4e,16.2.13,docker.io/bitnami/kafka:3.1.1-debian-10-r0
2b284aca941103c22681ebc989aed960b0ae702e,16.2.14,docker.io/bitnami/kafka:3.1.1-debian-10-r3
9b716a8deb439edee606e590d48336798ef256d9,16.2.15,docker.io/bitnami/kafka:3.1.1-debian-10-r4
a34396e58fcd4879e8b6ceb132aa1ec0e0f3edf2,16.3.0,docker.io/bitnami/kafka:3.1.1-debian-10-r4
a94e8ca9e3cac3187db0d7dc108b1b9194f3cc07,16.3.1,docker.io/bitnami/kafka:3.1.1-debian-10-r5
149ee61e4552d4c5a293f63b24207e5ddc5138f3,16.3.2,docker.io/bitnami/kafka:3.1.1-debian-10-r6
43f87f175947e29778347b886b1532ff9d6bbdc2,16.4.0,docker.io/bitnami/kafka:3.1.1-debian-10-r6
1ea3e29b500ce3326566be886453536bff61b9f8,17.0.0,docker.io/bitnami/kafka:3.2.0-debian-10-r3
c73b1c3684c3d969b67109b2064cad9c86f1592a,17.0.1,docker.io/bitnami/kafka:3.2.0-debian-10-r4
cb61bcb67cf64395749d17f65b97d1af6e151d0b,17.1.0,docker.io/bitnami/kafka:3.2.0-debian-10-r4
82915eeb92aadbc55178ba731ed0ddc0f5c0ea46,17.2.0,docker.io/bitnami/kafka:3.2.0-debian-10-r4
099286ae7a87784cf809df0b64ab24f7ff0144c8,17.2.1,docker.io/bitnami/kafka:3.2.0-debian-10-r4
ff3cf617a1680509b0f3855d17c4ccff7b29a0ff,17.2.2,docker.io/bitnami/kafka:3.2.0-debian-10-r4
3f280328fb4281ca68d42965bcde7795094acd8c,17.2.3,docker.io/bitnami/kafka:3.2.0-debian-10-r4
d6d48403e65ba8392476a4d106fbcc4a53fa6d01,17.2.4,docker.io/bitnami/kafka:3.2.0-debian-11-r0
c6a7914361e5aea6016fb45bf4d621edfd111d32,17.2.4,docker.io/bitnami/kafka:3.2.0-debian-11-r0
f7a7d04efa53be3ed5e7e78cf05cb9ad0f490ee7,17.2.5,docker.io/bitnami/kafka:3.2.0-debian-11-r0
148773cd75ae0e986f3aebd71b6c726eba6d127d,17.2.6,docker.io/bitnami/kafka:3.2.0-debian-11-r3
22b2a678ef6b8efb7d2ecfc6c1d6c7681902141f,17.2.6,docker.io/bitnami/kafka:3.2.0-debian-11-r3
d2ecf9aac0270925f18a32340655a1c352a6275c,18.0.0,docker.io/bitnami/kafka:3.2.0-debian-11-r3
0e21debd49815b7c8485283840d65b398f03c476,18.0.1,docker.io/bitnami/kafka:3.2.0-debian-11-r9
a5606d05ba4af3a1ee87e94db94f246cd36cc143,18.0.2,docker.io/bitnami/kafka:3.2.0-debian-11-r10
5360260b9a524612e5792e62caac5fa25079129a,18.0.3,docker.io/bitnami/kafka:3.2.0-debian-11-r12
d665af0c708846192d8d5fb2f5f9ea65dd464ab0,18.0.3,docker.io/bitnami/kafka:3.2.0-debian-11-r12
40f31ceb9dfb3c2c82f0c238e1f90543148b0085,18.0.4,docker.io/bitnami/kafka:3.2.1-debian-11-r0
e7ae7a74be946c2000405882282a0cbe44b5bc18,18.0.5,docker.io/bitnami/kafka:3.2.1-debian-11-r1
2ae853c9251ed00e9179184e3781029c5a8cd032,18.0.6,docker.io/bitnami/kafka:3.2.1-debian-11-r2
98a4d64c41802fcb055c19ee08f43b2de0b4766e,18.0.6,docker.io/bitnami/kafka:3.2.1-debian-11-r2
4f11de94d5fb0d97975bf1b77567f07c58d7a99e,18.0.7,docker.io/bitnami/kafka:3.2.1-debian-11-r2
37dedddc7aeaa7f6f6c27f0021c64a5f3b287fc6,18.0.8,docker.io/bitnami/kafka:3.2.1-debian-11-r4
f870b04b55384c396db07ee4a970acc13ab9e1ac,18.1.0,docker.io/bitnami/kafka:3.2.1-debian-11-r4
5b65a36ee43119ed60227eca58b7afc54ff15579,18.1.1,docker.io/bitnami/kafka:3.2.1-debian-11-r4
a7673f7840f76a5441e6d19e9f0649cd6468d303,18.1.2,docker.io/bitnami/kafka:3.2.1-debian-11-r4
7338d25533b99c63887c205454bc64c80dfa12c9,18.1.3,docker.io/bitnami/kafka:3.2.1-debian-11-r4
f213c37bd8fe54772f7cd4387739ad39f721f192,18.2.0,docker.io/bitnami/kafka:3.2.1-debian-11-r4
e65cd4391218c73b9ec952a15525159748481647,18.3.0,docker.io/bitnami/kafka:3.2.1-debian-11-r4
d08cd2d914d123f48822f2374c8357b3d8a904a6,18.3.1,docker.io/bitnami/kafka:3.2.1-debian-11-r9
909819b2df88174ee8695156edcccd96abd220b9,18.4.0,docker.io/bitnami/kafka:3.2.1-debian-11-r9
b1e051e59809462167e73087a99f876336f70d5c,18.4.0,docker.io/bitnami/kafka:3.2.1-debian-11-r9
c2cf11a519fe814728709fd6e20fd17286e7e852,18.4.0,docker.io/bitnami/kafka:3.2.1-debian-11-r9
1ea8e40231aba6fd4566cd165c36de91144a7970,18.4.1,docker.io/bitnami/kafka:3.2.1-debian-11-r9
b28a288506e18b736589e189a0ccf994b113378f,18.4.2,docker.io/bitnami/kafka:3.2.1-debian-11-r16
74e522bb2632d97ae5189b9db113bfd443e8b115,18.4.3,docker.io/bitnami/kafka:3.2.3-debian-11-r0
ff0c2a0075a89fb7a80c6b8e586eaf0bb6dcdf4e,18.4.3,docker.io/bitnami/kafka:3.2.3-debian-11-r0
f3197b4951a21cc949cad598c3281c456f3fadc5,18.4.4,docker.io/bitnami/kafka:3.2.3-debian-11-r1
ec3aa601300b88b985b0174ffa88adf666ecfeef,18.5.0,docker.io/bitnami/kafka:3.2.3-debian-11-r1
3cf6b10e10e60df4b3e191d6b99aa99a9f597755,18.5.0,docker.io/bitnami/kafka:3.2.3-debian-11-r1
5fca92ccad57f293f38bddad6709a15d9540f760,19.0.0,docker.io/bitnami/kafka:3.3.1-debian-11-r1
d8cb4aa652de2e1e3afa2daef04e30ba0ea1108f,19.0.0,docker.io/bitnami/kafka:3.3.1-debian-11-r1
a529e02597d49d944eba1eb0f190713293247176,19.0.0,docker.io/bitnami/kafka:3.3.1-debian-11-r1
3620d8cae8663a94b24761d3b41441bd16668fb3,19.0.0,docker.io/bitnami/kafka:3.3.1-debian-11-r1
92a77bdcae6c5a409ee586a280cb54fcbd6a2d94,19.0.1,docker.io/bitnami/kafka:3.3.1-debian-11-r1
5b805211ca9c96692c06fed75ae033bc444d4279,19.0.2,docker.io/bitnami/kafka:3.3.1-debian-11-r1
cbd65c9270a7b29190c70d1987f8966d128e72af,19.1.0,docker.io/bitnami/kafka:3.3.1-debian-11-r1
841d781c343c2d5edf0ba4ab3ffde2fa0add3275,19.1.0,docker.io/bitnami/kafka:3.3.1-debian-11-r1
fa439b2f32a6052e4da68d6be7f4a50e31c3fc43,19.1.1,docker.io/bitnami/kafka:3.3.1-debian-11-r11
49a059821e33f8b8fa29db52e2fa92f165d28df5,19.1.1,docker.io/bitnami/kafka:3.3.1-debian-11-r11
289822e4569d1b00de916d446307937b035fa008,19.1.2,docker.io/bitnami/kafka:3.3.1-debian-11-r11
2814eed9be7dcca0ec267d048941c4057db8ab42,19.1.3,docker.io/bitnami/kafka:3.3.1-debian-11-r11
5b09f7a7c0d9232f5752840b6c4e5cdc56d7f796,19.1.4,docker.io/bitnami/kafka:3.3.1-debian-11-r11
11576cf5f1a121b417cb954ea88f1202b615dc17,19.1.4,docker.io/bitnami/kafka:3.3.1-debian-11-r11
47c8dc4df3523eba303f235430e59220874e0f90,19.1.5,docker.io/bitnami/kafka:3.3.1-debian-11-r19
06de6795309a4b2313cc3097c4c4f519047712b6,20.0.0,docker.io/bitnami/kafka:3.3.1-debian-11-r19
8199a23db75438a3b1366aa9702c942774de6c40,20.0.1,docker.io/bitnami/kafka:3.3.1-debian-11-r22
d878de310f56e62d295597b69a762b689c3c1f3e,20.0.1,docker.io/bitnami/kafka:3.3.1-debian-11-r22
95c7f7c2c37debe3d4f2643d02ec21c7b0170856,20.0.2,docker.io/bitnami/kafka:3.3.1-debian-11-r25
da2a7943bae95b6e9b5b4ed972c15e990b69fdb0,20.0.2,docker.io/bitnami/kafka:3.3.1-debian-11-r25
13dc244a8afdbd46fe77157e4691263ce6b9b218,20.0.3,docker.io/bitnami/kafka:3.3.1-debian-11-r25
40bf90ef4a52969b9ed8acca3d8a67e90d800673,20.0.4,docker.io/bitnami/kafka:3.3.1-debian-11-r34
0ab760862c660fcc78cffadf8e1d8cdd70881473,20.0.4,docker.io/bitnami/kafka:3.3.1-debian-11-r34
2064fb8dcc78a845cdede8211af8c3cc52551161,20.0.4,docker.io/bitnami/kafka:3.3.1-debian-11-r34
bfbb05f3782443ebbc8cc0bf5a9e8354906dce55,20.0.5,docker.io/bitnami/kafka:3.3.2-debian-11-r0
7a5cef7cad900aa0fd1f9bd5281c1ac5b54d9fcf,20.0.6,docker.io/bitnami/kafka:3.3.2-debian-11-r0
add4ec701108ac36ed4de2dffbdf407a0d091067,20.0.6,docker.io/bitnami/kafka:3.3.2-debian-11-r0
c97c714887380d47eae7bfeff316bf01595ecd1d,20.0.6,docker.io/bitnami/kafka:3.3.2-debian-11-r0
a51e0e8d35495b907f3e70dd2f8e7c3bcbf4166a,20.0.6,docker.io/bitnami/kafka:3.3.2-debian-11-r0
aa9657237ee8df4a46db0d7fdf8a23230dd6902a,20.0.6,docker.io/bitnami/kafka:3.3.2-debian-11-r0
4d0c7589d8c9148661219ddba8b56218a8b2ade2,21.0.0,docker.io/bitnami/kafka:3.4.0-debian-11-r1
e3902757ba9f1850605a9e1adc0a01217e1a0cc7,21.0.1,docker.io/bitnami/kafka:3.4.0-debian-11-r2
e64ae7697fc01eb46b16324ff096048a5b55e330,20.1.0,docker.io/bitnami/kafka:3.4.0-debian-11-r2
d952db57f6e7d60d8e80ec1f6d8ce66b39f19761,20.1.1,docker.io/bitnami/kafka:3.4.0-debian-11-r4
7ef7725d3268271d27eb480f702496566813e8cb,21.1.0,docker.io/bitnami/kafka:3.4.0-debian-11-r4
5349a7409eebd30538fed5a06c3b0a9440f06bbd,21.1.1,docker.io/bitnami/kafka:3.4.0-debian-11-r6
06c5a98cb4998d140a9af2057f9416ddb8d1f4d7,21.2.0,docker.io/bitnami/kafka:3.4.0-debian-11-r6
956de76384c811ada1358564f4ced2850c09e1b5,21.3.0,docker.io/bitnami/kafka:3.4.0-debian-11-r6
0e29e600d3adc8b1b46e506eccb3decfab3b4e63,21.3.0,docker.io/bitnami/kafka:3.4.0-debian-11-r6
93b4eb130a49232fff0ae206f547871a8d3cd377,21.3.1,docker.io/bitnami/kafka:3.4.0-debian-11-r6
a7b0323fa6f735fcbef78f945e26ed214d887de8,21.4.0,docker.io/bitnami/kafka:3.4.0-debian-11-r6
ee223d906306c23dae3841f8bca6873a9fe973fa,21.4.0,docker.io/bitnami/kafka:3.4.0-debian-11-r6
43b10fc0625010e34d06d3bebf66c8c120887087,21.4.0,docker.io/bitnami/kafka:3.4.0-debian-11-r6
62b614322a2c0f2bb62ad5e19f4e8c4943cf2d12,21.4.1,docker.io/bitnami/kafka:3.4.0-debian-11-r12
728c37db407a9086f5d644000720d364cd19b7fb,21.4.2,docker.io/bitnami/kafka:3.4.0-debian-11-r13
2dd5f761644f3c6e20db1bc693d8dbb3687e1591,21.4.3,docker.io/bitnami/kafka:3.4.0-debian-11-r14
dfc0dde55133111fcae8f27d83e227758e59bfe2,21.4.4,docker.io/bitnami/kafka:3.4.0-debian-11-r15
c12bc0a28fe2a2696be65febb59d19668c50d019,21.4.5,docker.io/bitnami/kafka:3.4.0-debian-11-r15
31eb38325b0a1ffca4a8a968e75e36301de55cbc,21.4.6,docker.io/bitnami/kafka:3.4.0-debian-11-r15
884151035efcbf2e1b3206e7def85511073fb57d,21.5.0,docker.io/bitnami/kafka:3.4.0-debian-11-r15
f1aec563c28f27f575849a756c33a7fb84266d40,22.0.0,docker.io/bitnami/kafka:3.4.0-debian-11-r22
bdf46e51703c48085f61d5f65605fca24184f8c5,22.0.1,docker.io/bitnami/kafka:3.4.0-debian-11-r22
1f31f8e3163f47564ae660ab043a79555b74a65d,22.0.2,docker.io/bitnami/kafka:3.4.0-debian-11-r22
6b563792d5d18117786bfb194c71f9070ae89d31,22.0.3,docker.io/bitnami/kafka:3.4.0-debian-11-r28
fc9b18f2e98805d4df629acbcde696f44f973344,22.1.0,docker.io/bitnami/kafka:3.4.0-debian-11-r28
33178edf823120b940e0f58290b93540cb3e20c0,22.1.1,docker.io/bitnami/kafka:3.4.0-debian-11-r28
8f2277440b976d52785ba9149762ad8620a73d1f,22.1.1,docker.io/bitnami/kafka:3.4.0-debian-11-r28
3a97a5232f8a4e3ca4071e27c317179b4b78055c,22.1.1,docker.io/bitnami/kafka:3.4.0-debian-11-r28
a2ab641dfad1a918d69959750819ab269ab12985,22.1.2,docker.io/bitnami/kafka:3.4.0-debian-11-r28
d204faa3c7e244289d62ae16b3483e48beb6c107,22.1.3,docker.io/bitnami/kafka:3.4.0-debian-11-r33
5b6a5cfb7625a751848a2e5cd796bd7278f406ca,22.1.3,docker.io/bitnami/kafka:3.4.0-debian-11-r33
ef986a1605241102b3dcafe9fd8089e6fc1201ad,22.1.3,docker.io/bitnami/kafka:3.4.0-debian-11-r33
45b550b3580d4a5ec1af5caad0006baf1f5f854c,22.1.4,docker.io/bitnami/kafka:3.4.0-debian-11-r33
8d8d074d6c61d189905015c2797de358811d9d52,22.1.5,docker.io/bitnami/kafka:3.4.1-debian-11-r0
ec08951858d8c6eecb6d49fc72cd387022fb4054,22.1.6,docker.io/bitnami/kafka:3.4.1-debian-11-r0
31b3c0afd968ff4429107e34101f7509e6a0e913,22.1.6,docker.io/bitnami/kafka:3.4.1-debian-11-r0
da68be8e951225133c7dfb572d5101ca3d61c5ae,22.1.6,docker.io/bitnami/kafka:3.4.1-debian-11-r0
ce20f416ae5dd7ed733e3dd0f41aaabfd460d0f2,23.0.0,docker.io/bitnami/kafka:3.5.0-debian-11-r0
235d8c35133c12a76005ddf3120b86c3a0619b9e,23.0.1,docker.io/bitnami/kafka:3.5.0-debian-11-r1
5213407e6b008b880176e1d68abe65b9f71a09e4,23.0.2,docker.io/bitnami/kafka:3.5.0-debian-11-r4
e1bc7465f8bfa22a0fe0af0f41d8b3adee7c242c,23.0.3,docker.io/bitnami/kafka:3.5.0-debian-11-r6
1a65f847f1927acd035f67a795839bec2b513397,23.0.4,docker.io/bitnami/kafka:3.5.0-debian-11-r7
18b28f5d3e280b6cd66875439993fac0889c3f11,23.0.5,docker.io/bitnami/kafka:3.5.0-debian-11-r21
f985538a832c556241bdc9d90cc7e6eb2c3686df,23.0.6,docker.io/bitnami/kafka:3.5.1-debian-11-r0
4fd78cd8c26542336d71a0e4f223adefe2f39a44,23.0.7,docker.io/bitnami/kafka:3.5.1-debian-11-r1
fb96509bed149bc3581c2e4f0ad2d7f2bb6a5b40,24.0.0,docker.io/bitnami/kafka:3.5.1-debian-11-r7
2e9bbbdbdb1255834b75f441d7058f1a7d69558f,24.0.1,docker.io/bitnami/kafka:3.5.1-debian-11-r7
bfc6ab7c30b96958dd1cdc54e291f1880fa062dd,24.0.2,docker.io/bitnami/kafka:3.5.1-debian-11-r7
d6572e463d2914edccd431620a6ff65db65c53d7,24.0.2,docker.io/bitnami/kafka:3.5.1-debian-11-r7
de5c79dfb49bc89d877a2f9575114d38c2cf1d84,24.0.3,docker.io/bitnami/kafka:3.5.1-debian-11-r11
db054a73f06e94ebbc03e4827899c16c22d0918e,24.0.4,docker.io/bitnami/kafka:3.5.1-debian-11-r14
76926cbf89753107da9d8bfd1ebee10b84ed15be,24.0.5,docker.io/bitnami/kafka:3.5.1-debian-11-r14
995b868ac03aa01bcb924eca871768930ffc464a,24.0.6,docker.io/bitnami/kafka:3.5.1-debian-11-r14
d3a850bcadf349bdd6a6d13fdfaa8c24e9e4ee7e,24.0.7,docker.io/bitnami/kafka:3.5.1-debian-11-r14
2382a554acd0173288f4d870e1ba1d86909d495a,24.0.8,docker.io/bitnami/kafka:3.5.1-debian-11-r16
66eb9d715730c6f3c1bb83fc497589d9f6d9ec96,24.0.9,docker.io/bitnami/kafka:3.5.1-debian-11-r16
729161a98c90f04bac38173c523c4b60c9fb4672,24.0.10,docker.io/bitnami/kafka:3.5.1-debian-11-r16
0fe34db3faa233df482d9373f631e81d8a2e928e,24.0.11,docker.io/bitnami/kafka:3.5.1-debian-11-r21
5c27d234411d9baf0ced9f90cb528970b6629502,24.0.12,docker.io/bitnami/kafka:3.5.1-debian-11-r24
d30282d7d3f7fc9a7a5fafd4dd09913d91a4097a,24.0.13,docker.io/bitnami/kafka:3.5.1-debian-11-r24
511dad26c18d78688bcae32887d17c41f49e09c7,24.0.14,docker.io/bitnami/kafka:3.5.1-debian-11-r25
c051054125676188aea699ff5e4fc3be22adf443,25.0.0,docker.io/bitnami/kafka:3.5.1-debian-11-r25
44442b9e358db2563d67b27238c82050c2dcb0be,25.0.1,docker.io/bitnami/kafka:3.5.1-debian-11-r25
5b306c534e4a3798a8c9010dea3d9660f6d95c6b,25.1.0,docker.io/bitnami/kafka:3.5.1-debian-11-r25
7a2a0dc926658ba39b23b63fde1f8fdae5361c10,25.1.1,docker.io/bitnami/kafka:3.5.1-debian-11-r25
57328e741be373ac287696badc2a5b1a249e13bb,25.1.2,docker.io/bitnami/kafka:3.5.1-debian-11-r25
de01ec04c8e5f710dc9f3720c487daf839f7a658,25.1.2,docker.io/bitnami/kafka:3.5.1-debian-11-r25
499c5c5659e91d6ecb59c58c9eff5ec3bbe37235,25.1.2,docker.io/bitnami/kafka:3.5.1-debian-11-r25
9b87f4ffb32e2d05a408bbc16529c1b1d7337da5,25.1.3,docker.io/bitnami/kafka:3.5.1-debian-11-r25
ba5f8e58f09e69079aa7a586fb9d3e576a0c851f,25.1.4,docker.io/bitnami/kafka:3.5.1-debian-11-r35
59e14806d819324cdf903be122c303097ce8bbee,25.1.5,docker.io/bitnami/kafka:3.5.1-debian-11-r35
8a42abfaecaf0b7ec11dca59eaeb696e6c5cd7ec,25.1.5,docker.io/bitnami/kafka:3.5.1-debian-11-r35
3e751575aeb43afbb8ea6cc49dcf6f7c36dd9d84,25.1.5,docker.io/bitnami/kafka:3.5.1-debian-11-r35
3e0abdfc8272f13ba32cfeab3cab596f22c68d31,25.1.6,docker.io/bitnami/kafka:3.5.1-debian-11-r41
98e95ff5acdce05856a056e570b6a7a43106f7a4,25.1.7,docker.io/bitnami/kafka:3.5.1-debian-11-r41
5c7ed7770ede88b520e84925288954736a17a341,25.1.8,docker.io/bitnami/kafka:3.5.1-debian-11-r41
9b54e3d89d60f70aec281ccd22d5195aaff3429a,25.1.9,docker.io/bitnami/kafka:3.5.1-debian-11-r41
a3b3966485c07538fe693ec6dfeb94f0e94f0b9e,25.1.10,docker.io/bitnami/kafka:3.5.1-debian-11-r44
a2c2090b5ac97f47b745c8028c6452bf99739772,25.1.10,docker.io/bitnami/kafka:3.5.1-debian-11-r44
73d80be525c88fb4b8a54451a55acd506e337062,25.1.10,docker.io/bitnami/kafka:3.5.1-debian-11-r44
e0c6df2f861bc54bb2fff11f8509006d6a966a7a,25.1.11,docker.io/bitnami/kafka:3.5.1-debian-11-r44
cde5d7c19254b2f83f1d186d149087de5f51c9b2,25.1.12,docker.io/bitnami/kafka:3.5.1-debian-11-r61
d3844a7b478f0ceac234d4db2597971fbe9ddfad,25.2.0,docker.io/bitnami/kafka:3.5.1-debian-11-r61
f7896ec27cf165e86233f60bfb7fc68943717bc3,25.3.0,docker.io/bitnami/kafka:3.5.1-debian-11-r61
80e25e342bf64df2cb358d64b59b5c28c4275018,25.3.1,docker.io/bitnami/kafka:3.5.1-debian-11-r61
eb755dd36a4dd3cf6635be8e0598f9a7f4c4a554,25.3.1,docker.io/bitnami/kafka:3.5.1-debian-11-r61
ce42530f4f1fac3d74ca1861e37128788d343625,25.3.1,docker.io/bitnami/kafka:3.5.1-debian-11-r61
4d137554aac44ce77a8c73f7950c52bf1c7f1910,25.3.2,docker.io/bitnami/kafka:3.5.1-debian-11-r71
bb022982a3b86efe2556746311c2129f7671e567,25.3.3,docker.io/bitnami/kafka:3.5.1-debian-11-r71
717032e6c39c2e8185df01c1d5540707a72157ea,25.3.4,docker.io/bitnami/kafka:3.5.1-debian-11-r72
767cdb71c6a2c940dd1560a7d43663eb4f071cf3,25.3.5,docker.io/bitnami/kafka:3.5.1-debian-11-r72
70f12196afb83dcef838ef8c318601f31ee9f038,26.0.0,docker.io/bitnami/kafka:3.6.0-debian-11-r0
4923e3df6ab23c61aaca53185a9c699cfab2df8a,26.0.0,docker.io/bitnami/kafka:3.6.0-debian-11-r0
ce6806c8f6d25f869b26cda24182be03f21e526f,26.0.1,docker.io/bitnami/kafka:3.6.0-debian-11-r0
af5f7530c1bc8c5ded53a6c4f7b8f384ac1804f2,26.0.1,docker.io/bitnami/kafka:3.6.0-debian-11-r0
86ddf468bd97a54ee6d70c81a88582408c66fd50,26.1.0,docker.io/bitnami/kafka:3.6.0-debian-11-r0
bb9a01b65911c87e48318db922cc05eb42785e42,26.1.0,docker.io/bitnami/kafka:3.6.0-debian-11-r0
1f3778610406da2bd1c1f87f0fdb12da8b21f36d,26.2.0,docker.io/bitnami/kafka:3.6.0-debian-11-r0
3acc73472beb6fb56c4d99f929061001205bc57e,26.2.0,docker.io/bitnami/kafka:3.6.0-debian-11-r0
72e3761758518195844f77ab10b6970f4e90e458,26.2.0,docker.io/bitnami/kafka:3.6.0-debian-11-r0
d852a8f82aa57aea4477dbfa9ffc09fcecb64c1a,26.2.1,docker.io/bitnami/kafka:3.6.0-debian-11-r0
c626d5d4a52e471d7832964ad0b6376bf47ec349,26.3.0,docker.io/bitnami/kafka:3.6.0-debian-11-r0
619011b2dd490f6ed3a207bfd1f3d277efc20b5f,26.3.1,docker.io/bitnami/kafka:3.6.0-debian-11-r1
02e272489a75c022ba79f3b3dcfa6c7cb3222515,26.3.2,docker.io/bitnami/kafka:3.6.0-debian-11-r1
e4ad6e48f3a7613dbc58ac46347e6118563eb9a6,26.4.0,docker.io/bitnami/kafka:3.6.0-debian-11-r1
a46f0ed6420e6185bf18fc19761100a5d7d7e853,26.4.1,docker.io/bitnami/kafka:3.6.0-debian-11-r1
11036334d82df0490aa4abdb591543cab6cf7d7f,26.4.1,docker.io/bitnami/kafka:3.6.0-debian-11-r1
b82f979e4fb63423fe6e2192c946d09d79c944fc,26.4.1,docker.io/bitnami/kafka:3.6.0-debian-11-r1
c75c0199489389a21d185939eb3c7747253a822d,26.4.2,docker.io/bitnami/kafka:3.6.0-debian-11-r2
d05f605d8905d5a3e402a555359585789432f19d,26.4.3,docker.io/bitnami/kafka:3.6.0-debian-11-r2
75b9ae3b79eca647b1a0f6c5e1fd43896f598d25,26.4.4,docker.io/bitnami/kafka:3.6.1-debian-11-r0
b51288a469c1e42dac2ee2b3f26f1951eebf741f,26.4.4,docker.io/bitnami/kafka:3.6.1-debian-11-r0
cbff76568c431bc33b9af79f9fec1eeebc6a5c24,26.4.5,docker.io/bitnami/kafka:3.6.1-debian-11-r0
1f3bfc81810c77308c47e8dc484884c47d6c2edb,26.5.0,docker.io/bitnami/kafka:3.6.1-debian-11-r0
0287ecf646ad78a52f920ab01de7013d284c0d93,26.5.1,docker.io/bitnami/kafka:3.6.1-debian-11-r0
039ce09f64217cf9dc01fe6a60100dff194cd7e1,26.6.0,docker.io/bitnami/kafka:3.6.1-debian-11-r0
a36243d9d370447e5b4355a28c8954b0b6a79a02,26.6.1,docker.io/bitnami/kafka:3.6.1-debian-11-r0
9ac23fb9aec82d0184e2dc9bf86de94db3276690,26.6.2,docker.io/bitnami/kafka:3.6.1-debian-11-r0
6c4bf75dec58fc7c9aee9f089777b1a858c17d5b,26.6.2,docker.io/bitnami/kafka:3.6.1-debian-11-r0
f35506d2dadee4f097986e7792df1f53ab215b5d,26.6.2,docker.io/bitnami/kafka:3.6.1-debian-11-r0
e4fa296106b225cf8c82445727c675c7c725e380,26.6.2,docker.io/bitnami/kafka:3.6.1-debian-11-r0
b3b94328786a70255561e70973f055810ebc44b8,26.6.3,docker.io/bitnami/kafka:3.6.1-debian-11-r0
5c3feaec8c17d10c3c75a4cba7830b2a6c72086a,26.7.0,docker.io/bitnami/kafka:3.6.1-debian-11-r0
87f887c51c556aca0300c90bc5056df89962ab3a,26.7.1,docker.io/bitnami/kafka:3.6.1-debian-11-r1
230d6a3dfbc20a0eae14b59c45b9485d6db4d3a3,26.8.0,docker.io/bitnami/kafka:3.6.1-debian-11-r1
76a58808d25ed328ae2ab94d24a3d5f8fc6ad15a,26.8.0,docker.io/bitnami/kafka:3.6.1-debian-11-r1
7564f36ca1e95ff30ee686652b7ab8690561a707,26.8.0,docker.io/bitnami/kafka:3.6.1-debian-11-r1
48afa1a5ef578d99c17ff0a2d7cf7dea37d79bcb,26.8.1,docker.io/bitnami/kafka:3.6.1-debian-11-r3
c444150f1b163fe7108b2cf13a9fd0e4442969fd,26.8.1,docker.io/bitnami/kafka:3.6.1-debian-11-r3
7b5f42546e75fa507cba9aec1a929f5f18e84bd0,26.8.2,docker.io/bitnami/kafka:3.6.1-debian-11-r3
49133b7ae33a430c50d191d7ddc8ac486e54e83f,26.8.3,docker.io/bitnami/kafka:3.6.1-debian-11-r4
80e31e83a7e81449ea1f16099edaaeac84549759,26.8.4,docker.io/bitnami/kafka:3.6.1-debian-11-r4
171cf03a5e7bb9b2eba70b3ce776690028621a6b,26.8.5,docker.io/bitnami/kafka:3.6.1-debian-11-r6
a5b06d44246f88e19f14e54c36c8bcf230a795f4,26.9.0,docker.io/bitnami/kafka:3.6.1-debian-11-r6
f2671034fc296c95def71ce854a21e431ee32af8,26.10.0,docker.io/bitnami/kafka:3.6.1-debian-11-r6
b70ee2a30e4dc256bf0ac52928fb2fa7a70f049b,26.11.0,docker.io/bitnami/kafka:3.6.1-debian-11-r6
ff5ed8c27f56ebc10651690c50bb1551cbc55fe3,26.11.1,docker.io/bitnami/kafka:3.6.1-debian-12-r11
8b3d4bfa47aea55fabab0f41068af3e7f1e75fdd,26.11.2,docker.io/bitnami/kafka:3.6.1-debian-12-r12
2e8d666b10d62c9bb4c56b0b92918f840355258d,26.11.3,docker.io/bitnami/kafka:3.6.1-debian-12-r12
97df6fc2cc0a3ecfabd0702459cde6f3e3cd482a,26.11.4,docker.io/bitnami/kafka:3.6.1-debian-12-r12
6fd6ed0df6c5f11af5cc6b8b7a85f2e8c0dd5f8d,27.0.0,docker.io/bitnami/kafka:3.7.0-debian-12-r0
a839f6824462b6f0cafaa8a255ad47edab2dfe5e,27.1.0,docker.io/bitnami/kafka:3.7.0-debian-12-r0
ac9dca4a1978e81dbd77b017d877c6dda88f9cf9,27.1.1,docker.io/bitnami/kafka:3.7.0-debian-12-r0
620296577a95563271669a6a75bd296c7d698efc,27.1.2,docker.io/bitnami/kafka:3.7.0-debian-12-r0
0cf4048e8743f70a9753d460655bd030cbff6824,27.1.2,docker.io/bitnami/kafka:3.7.0-debian-12-r0
ba3b15965b55976d127ff9db0744051ba517a195,28.0.0,docker.io/bitnami/kafka:3.7.0-debian-12-r0
7c2aed44ade10a57a3d2396a0425a9563eb60562,28.0.1,docker.io/bitnami/kafka:3.7.0-debian-12-r0
92e3e8a507326d2a20a8f10ab3e7746a2ec5c554,28.0.1,docker.io/bitnami/kafka:3.7.0-debian-12-r0
e91090b4787dbbc02c973d0a707bd4fe00a9aa1b,28.0.2,docker.io/bitnami/kafka:3.7.0-debian-12-r0
f30afb23d99fd89b98d4d0c00ec54fd33fe55720,28.0.3,docker.io/bitnami/kafka:3.7.0-debian-12-r2
5fd49802ad2e855afd2d5e9be533909e2273ca1c,28.0.4,docker.io/bitnami/kafka:3.7.0-debian-12-r2
6970c1ba245873506e73d459c6eac1e4919b778f,28.0.4,docker.io/bitnami/kafka:3.7.0-debian-12-r2
a5e4bd0e35e419203793976a78d9d0a13de92c76,28.0.4,docker.io/bitnami/kafka:3.7.0-debian-12-r2
e0c0d63020210c6ddffc45fc9695d233c0f04f9b,28.1.0,docker.io/bitnami/kafka:3.7.0-debian-12-r2
db7ee33f7c8f1df605c3e64f79a3a5dd095b3295,28.1.1,docker.io/bitnami/kafka:3.7.0-debian-12-r3
2d7dca61160bc6a83255111aed8b7d66687caf40,28.1.1,docker.io/bitnami/kafka:3.7.0-debian-12-r3
600eae90a674c8bc0ab2de40ae308be8b40a4f5d,28.2.0,docker.io/bitnami/kafka:3.7.0-debian-12-r3
8d1dc11f5fb30db6fba50c43d7af59d2f79deed3,28.2.0,docker.io/bitnami/kafka:3.7.0-debian-12-r3
533146d57d8b745f600cd01f0961c3fd901efe5f,28.2.1,docker.io/bitnami/kafka:3.7.0-debian-12-r3
b067c94f6bcde427863c197fd355f0b5ba12ff5b,28.2.1,docker.io/bitnami/kafka:3.7.0-debian-12-r3
1c78c3261cceb3c81f709e8c4c72deed46b46c21,28.2.2,docker.io/bitnami/kafka:3.7.0-debian-12-r5
f6337ebe2254a3863c49c07be7065e9b250cfde2,28.2.3,docker.io/bitnami/kafka:3.7.0-debian-12-r6
d0a9edd1d023401373fa9a8f2b94e1113c59674d,28.2.4,docker.io/bitnami/kafka:3.7.0-debian-12-r6
4806aac67fcfc5ca6f98efddd72178f7f8362366,28.2.5,docker.io/bitnami/kafka:3.7.0-debian-12-r6
814bef1e3c4d51f36a8f5833eb6cfb450a9101e9,28.2.6,docker.io/bitnami/kafka:3.7.0-debian-12-r6
91c707c9e4e574725a09505d2d313fb93f1b4c0a,28.2.6,docker.io/bitnami/kafka:3.7.0-debian-12-r6
af7e35d40224d7c8a37aad1d20fd7fa61f4af15b,28.3.0,docker.io/bitnami/kafka:3.7.0-debian-12-r6
bf9a6535fabdd4c0ad3210920cdd6c4963c5511c,29.0.0,docker.io/bitnami/kafka:3.7.0-debian-12-r6
0428ec724a1e6b139b12e8c3a6ab489a6459660c,29.0.2,docker.io/bitnami/kafka:3.7.0-debian-12-r6
69856e985f1325b3e72cd126b6990647d35f1cbb,29.0.3,docker.io/bitnami/kafka:3.7.0-debian-12-r6
62968c1bcf75a374076e5161f57673faaee9a96d,29.1.0,docker.io/bitnami/kafka:3.7.0-debian-12-r6
7f9445f21003a77971d1e7d9c31cf952b6ba9554,29.1.1,docker.io/bitnami/kafka:3.7.0-debian-12-r6
568aafa1de85759ea2d90d2915970eefaa36dffd,29.1.2,docker.io/bitnami/kafka:3.7.0-debian-12-r6
4a023a27e2bae7ea8779b667bc1e9a00cba925e1,29.2.0,docker.io/bitnami/kafka:3.7.0-debian-12-r6
66f65f6e5a20c7e8423b51606b051b472b4729c1,29.2.1,docker.io/bitnami/kafka:3.7.0-debian-12-r6
2061b0cc26be9bf9bcfc99c920b6bdd80d33c022,29.2.2,docker.io/bitnami/kafka:3.7.0-debian-12-r6
0c5dfee96cce662656202789a23e5208e4da7c0d,29.2.3,docker.io/bitnami/kafka:3.7.0-debian-12-r7
92b9debcd39ec036754fb3e33d9c171b53ced39f,29.2.4,docker.io/bitnami/kafka:3.7.0-debian-12-r7
45409ffe1541b04e012deae14ffa224f414937e6,29.3.0,docker.io/bitnami/kafka:3.7.0-debian-12-r7
5f2e38d88c5a5f94e3f578744858cc43450a77d1,29.3.1,docker.io/bitnami/kafka:3.7.0-debian-12-r7
82f0e6c052c92a7e92460effe5efe3f88c3222cf,29.3.2,docker.io/bitnami/kafka:3.7.0-debian-12-r7
b53ec15d13c1536492058c6527b5698254135696,29.3.3,docker.io/bitnami/kafka:3.7.0-debian-12-r7
39074dcf4c92f7b875f1ddb2bc87443b05e7592d,29.3.4,docker.io/bitnami/kafka:3.7.0-debian-12-r7
52dfed6bac44d791efabfaf06f15daddc4fefb0c,29.3.4,docker.io/bitnami/kafka:3.7.0-debian-12-r7
1ef0ca867542f99b4e37ac3182727357a0fd17cf,29.3.5,docker.io/bitnami/kafka:3.7.1-debian-12-r0
fcf03f8314fc30401fa3712c90b0261f8f3b09db,29.3.6,docker.io/bitnami/kafka:3.7.1-debian-12-r0
1dd943997da79e6095bee6d05410178a0344d4c9,29.3.7,docker.io/bitnami/kafka:3.7.1-debian-12-r0
e04d6117bc4c0e1dac47e9303bf5ad92188bce29,29.3.8,docker.io/bitnami/kafka:3.7.1-debian-12-r0
0e596df1d5e6c9e9d3d1854788d5485408cd49f5,29.3.9,docker.io/bitnami/kafka:3.7.1-debian-12-r0
4fc0181dd3f334c71cb5adad90c8e2a67ff482fa,29.3.10,docker.io/bitnami/kafka:3.7.1-debian-12-r2
65350670e7249108972fa137b0aaf0423f65f74f,29.3.11,docker.io/bitnami/kafka:3.7.1-debian-12-r2
bdaaf9c86a9da3c586f6fe9fdfb4972811d558f3,29.3.12,docker.io/bitnami/kafka:3.7.1-debian-12-r3
f922a041e5af921fa4b4a48f2ee549720f55a577,29.3.13,docker.io/bitnami/kafka:3.7.1-debian-12-r4
940b7bddfe28023ba102d391745bf6552265c293,29.3.14,docker.io/bitnami/kafka:3.7.1-debian-12-r4
a6625ec0dd042d9848107dd853ff0cc58178800c,30.0.0,docker.io/bitnami/kafka:3.8.0-debian-12-r0
cae42b9674c5ce54aeb693aa5973954e1d0162f4,30.0.0,docker.io/bitnami/kafka:3.8.0-debian-12-r0
65eac83c6640522e479f7d07923a934b9f657d99,30.0.1,docker.io/bitnami/kafka:3.8.0-debian-12-r1
b7dbfe6c90679ab6ccab521cba8a0ee08595073b,30.0.2,docker.io/bitnami/kafka:3.8.0-debian-12-r2
701467a1a5055aab8c4adf64111a8eb6ad8c47c9,30.0.3,docker.io/bitnami/kafka:3.8.0-debian-12-r2
3ff14908c56a481e551f94cee08ad0488042d186,30.0.4,docker.io/bitnami/kafka:3.8.0-debian-12-r3
96b751e3eb0a6acba28e0fcbca907bb2de88fdf5,30.0.5,docker.io/bitnami/kafka:3.8.0-debian-12-r3
5e5609c33e245478290c4f4a6e73380042c237ac,30.0.5,docker.io/bitnami/kafka:3.8.0-debian-12-r3
e406f1f45a60c4d12eab0266a30077856ea05c7a,30.1.0,docker.io/bitnami/kafka:3.8.0-debian-12-r3
798c4dfd7e236ac6f8d508e2f3ccf5fd405bd26c,30.1.1,docker.io/bitnami/kafka:3.8.0-debian-12-r5
a67fc1332a7f545e512f7cfabe8d0f5e1b318669,30.1.2,docker.io/bitnami/kafka:3.8.0-debian-12-r5
f88b37547aafb3e788603e4432f87dd421b91a9c,30.1.3,docker.io/bitnami/kafka:3.8.0-debian-12-r5
40a12b6f509a7f6894212eac200215c4ed7bc088,30.1.4,docker.io/bitnami/kafka:3.8.0-debian-12-r5
51a574e7a0f97ec479349080d5c137bdaa4bf033,30.1.5,docker.io/bitnami/kafka:3.8.0-debian-12-r5
f0d9ad78f39f633d275fc576d32eae78ded4d0b8,30.1.5,docker.io/bitnami/kafka:3.8.0-debian-12-r5
2e7b0bfe8dc6245c573073d21afaf09eedb75b6c,30.1.6,docker.io/bitnami/kafka:3.8.0-debian-12-r5
a51f9e4bb0fbf77199512d35de7ac8abe055d026,30.1.6,docker.io/bitnami/kafka:3.8.0-debian-12-r5
eee4d5b67fdbea9df74ef21bc2fc7d5214dbb2f4,30.1.7,docker.io/bitnami/kafka:3.8.0-debian-12-r7
fabc5232c08c83e7766946bd16c761fd666f9650,30.1.8,docker.io/bitnami/kafka:3.8.1-debian-12-r0
765e563c3e9e49d9617100ac9c9cfcb8cfe3a7bf,31.0.0,docker.io/bitnami/kafka:3.9.0-debian-12-r1
fe6422cb722627ccd5db8138ad27cd7993947146,31.0.0,docker.io/bitnami/kafka:3.9.0-debian-12-r1
82fc7e2fc12e2648ed22069942203c02bf5d4cc6,31.0.0,docker.io/bitnami/kafka:3.9.0-debian-12-r1
c457848b2a111aad59830b98f85ffa1e29918e10,31.0.0,docker.io/bitnami/kafka:3.9.0-debian-12-r1
35ab5363741e7548f4076f04da6e62d10153c60c,31.0.0,docker.io/bitnami/kafka:3.9.0-debian-12-r1
3dfc00376df6631f0ce54b8d440d477f6caa6186,31.0.0,docker.io/bitnami/kafka:3.9.0-debian-12-r1
885bbcd5b7b0b0fe7d12e5126659ee1d9dd0efee,31.1.0,docker.io/bitnami/kafka:3.9.0-debian-12-r1
b41a51d1bd04841fc108b78d3b8357a5292771c8,31.1.0,docker.io/bitnami/kafka:3.9.0-debian-12-r1
61131de7b63913f4ef1cb9e7b5b2e8c593178b42,31.1.1,docker.io/bitnami/kafka:3.9.0-debian-12-r4
70d7aac72b9adf6496589418054d5b4f66c16b18,31.2.0,docker.io/bitnami/kafka:3.9.0-debian-12-r4
43c0dd099f1feb3df890ba3852dff2e143f496bb,31.3.0,docker.io/bitnami/kafka:3.9.0-debian-12-r4
21e8180f88d4f0f85e31086fa609220ae1b853e0,31.3.1,docker.io/bitnami/kafka:3.9.0-debian-12-r6
e9f02f5007068751f7eb2270fece811e685c99b6,31.3.1,docker.io/bitnami/kafka:3.9.0-debian-12-r6
d9bb11a9076b9bfdcc70ea022c25ef50e9713657,31.3.1,docker.io/bitnami/kafka:3.9.0-debian-12-r6
3f4ca729b3192c7cc742da1ccefc0676e93cdd38,31.3.2,docker.io/bitnami/kafka:3.9.0-debian-12-r10
8abc389c429c32d900b68429730dfbfad02c8208,31.4.0,docker.io/bitnami/kafka:3.9.0-debian-12-r10
5136e8603c2c5402ba07026948965da7011cae8e,31.4.1,docker.io/bitnami/kafka:3.9.0-debian-12-r12
30daf368a955addaa59136ed6b18f8702124f72a,31.5.0,docker.io/bitnami/kafka:3.9.0-debian-12-r12
a8fba5cb01f6f4464ca7f69c50b0fbe97d837a95,31.5.0,docker.io/bitnami/kafka:3.9.0-debian-12-r12
8bea6f9e210b967f1c27270f75d307623afa1974,32.0.0,docker.io/bitnami/kafka:4.0.0-debian-12-r0
5f3eb0376ab9b7f04a95fe197568405c0d875b92,32.0.1,docker.io/bitnami/kafka:4.0.0-debian-12-r0
2120902bdf6ee15b80e93d425fc99d89b51091be,32.0.2,docker.io/bitnami/kafka:4.0.0-debian-12-r0
328166c403f2d3b4a9a548561b25dc43efb7eebf,32.0.3,docker.io/bitnami/kafka:4.0.0-debian-12-r0
9d1b911d005add455ed5db1b379e1df13c33ddd6,32.1.0,docker.io/bitnami/kafka:4.0.0-debian-12-r0
31af2bd4ddf75dca1b9e1761a13693a8b0a90e33,32.1.1,docker.io/bitnami/kafka:4.0.0-debian-12-r0
d336c507835a021108b9ce9aa0f5e377662e363f,32.1.2,docker.io/bitnami/kafka:4.0.0-debian-12-r0
773b6c541ec64473e68a74996717eb266de41faa,32.1.3,docker.io/bitnami/kafka:4.0.0-debian-12-r0
cac0f8110af628b25c84cbe916191fa3f8ce21ea,32.1.3,docker.io/bitnami/kafka:4.0.0-debian-12-r0
4ba4ac8fad117ebcd60f87eab03f038d313158ae,32.2.0,docker.io/bitnami/kafka:4.0.0-debian-12-r0
c03b265fd1dc007f70789f8de1f78adc497273d9,32.2.1,docker.io/bitnami/kafka:4.0.0-debian-12-r3
172a2520dd4da7c43a2451313db54e649ceabed6,32.2.2,docker.io/bitnami/kafka:4.0.0-debian-12-r3
12ee35a7256e3f0872fbaba0c921ffd9a21d3f4a,32.2.3,docker.io/bitnami/kafka:4.0.0-debian-12-r3
77e312c1772d4d7c4dc5d3ac0e80f4e452e3a062,32.2.3,docker.io/bitnami/kafka:4.0.0-debian-12-r3
2d79d6a20fa209e0ff81be5739f581c7e6957921,32.2.4,docker.io/bitnami/kafka:4.0.0-debian-12-r3
63123718de94dbedd798d380807b57031e98ed4f,32.2.4,docker.io/bitnami/kafka:4.0.0-debian-12-r3
3f8fa3dc4840800c3d85551a21b34d4b709237d5,32.2.5,docker.io/bitnami/kafka:4.0.0-debian-12-r4
2bc74f3f539481ceaa12833c114047583912b748,32.2.5,docker.io/bitnami/kafka:4.0.0-debian-12-r4
30537620a0291f4875304761c5f43da61b9a4c5f,32.2.6,docker.io/bitnami/kafka:4.0.0-debian-12-r4
bfcd44f0c679cec8573fe5ff949cccf8a77de33b,32.2.7,docker.io/bitnami/kafka:4.0.0-debian-12-r4
d752de1c56cc496edbdfd9d4a2d4368d4e9527df,32.2.8,docker.io/bitnami/kafka:4.0.0-debian-12-r5
e4d553012bbc076a27088176852695ade23920d5,32.2.9,docker.io/bitnami/kafka:4.0.0-debian-12-r5
d64b93d0be6fdb2334bc1548856b9162d2c55b8e,32.2.10,docker.io/bitnami/kafka:4.0.0-debian-12-r6
4287ec583e7eda25eca91fbfec740983f6a9d736,32.2.11,docker.io/bitnami/kafka:4.0.0-debian-12-r7
7cfb26d3c1663eead5eea81652b0f302954a4bbc,32.2.12,docker.io/bitnami/kafka:4.0.0-debian-12-r7
88284636ab715e36ab82f1679c437336f3ebe7f5,32.2.13,docker.io/bitnami/kafka:4.0.0-debian-12-r7
e3a75fe5f6d708f3aca03cce71e8c71487a75ec8,32.2.14,docker.io/bitnami/kafka:4.0.0-debian-12-r7
6145eac50971bbe0fe26a59f9aed7b466ba57c60,32.2.15,docker.io/bitnami/kafka:4.0.0-debian-12-r7
f9b84e164172062832510f7a5846a2e160a3eeb2,32.2.16,docker.io/bitnami/kafka:4.0.0-debian-12-r7
abde90b857ff403f1899bcb26c5e834c7788de0f,32.2.17,docker.io/bitnami/kafka:4.0.0-debian-12-r7
3e69eb6531e7b8eaca4275c43aec8e780c99ee45,32.2.18,docker.io/bitnami/kafka:4.0.0-debian-12-r8
559b34b2a16d14165cbcf16d7c0aec080002b1cc,32.3.0,docker.io/bitnami/kafka:4.0.0-debian-12-r8
326a7cf8d6584c37131ea645d3b9b577e8f5a627,32.3.1,docker.io/bitnami/kafka:4.0.0-debian-12-r8
7843fefb90112624b4e8baea66bfcaf7ed97aa46,32.3.2,docker.io/bitnami/kafka:4.0.0-debian-12-r8
1aab9779aad9db559e9c37e62ce47cdc5740f9e4,32.3.3,docker.io/bitnami/kafka:4.0.0-debian-12-r8
658029ab8ae79262dae3ed0d594165820872a218,32.3.4,docker.io/bitnami/kafka:4.0.0-debian-12-r8
6202afd718713f3ca6db813c06fe88587854a90f,32.3.5,docker.io/bitnami/kafka:4.0.0-debian-12-r8
e1c8146831516fb35de736a6f3fd10e5e7a44286,32.3.5,docker.io/bitnami/kafka:4.0.0-debian-12-r8
73d15e03e04647efa902a1d14a09ea8657429cd0,32.3.5,docker.io/bitnami/kafka:4.0.0-debian-12-r8
4973fd08dd7e95398ddcc4054538023b542e19f2,32.3.5,docker.io/bitnami/kafka:4.0.0-debian-12-r8
eb6830efb87aa905ff874ba93e75b82f5303a6fb,32.3.6,docker.io/bitnami/kafka:4.0.0-debian-12-r8
51523eef4e2601d0df89b6d9a26dd7e8d1dd5304,32.3.7,docker.io/bitnami/kafka:4.0.0-debian-12-r8
47af96309b90d5259c2c09b073bbac1a18480db5,32.3.8,docker.io/bitnami/kafka:4.0.0-debian-12-r8
c5b2cd2d2ebf0bb50d944e79303438252be34c7a,32.3.9,docker.io/bitnami/kafka:4.0.0-debian-12-r8
07483a5ed964b409266dc025e4b55bf2eb0f621c,32.3.9,docker.io/bitnami/kafka:4.0.0-debian-12-r8
6cda3bc40d5acac356caf8a8b9a7f145ddca6018,32.3.10,docker.io/bitnami/kafka:4.0.0-debian-12-r8
06795b8d5d3e9be7e09b398e65c402898b1fcea1,32.3.11,docker.io/bitnami/kafka:4.0.0-debian-12-r9
9cf57dcfd95f6b0f957b8cda845c25a95df31f4b,32.3.12,docker.io/bitnami/kafka:4.0.0-debian-12-r9
936d2fe023cce7dcb1a5c9db8ca213b5002d81bd,32.3.13,docker.io/bitnami/kafka:4.0.0-debian-12-r10
057b9642d17ae3cf6f5be25cdfdefdcc335c3357,32.3.14,docker.io/bitnami/kafka:4.0.0-debian-12-r10
dbd60d4b0d56b26c37860443fb18d0125949f9fc,32.4.0,docker.io/bitnami/kafka:4.0.0-debian-12-r10
be99d3966db67abc30e3f0048176c2d0ac873043,32.4.1,docker.io/bitnami/kafka:4.0.0-debian-12-r10
93465c0d2e5763aa1b0ab5dfcb4e8190be6ed004,32.4.2,docker.io/bitnami/kafka:4.0.0-debian-12-r10
